"Ras al-Khaimah, United Arab Emirates"
"Dubai, United Arab Emirates"
"Sharjah, United Arab Emirates"
"Al Ain, United Arab Emirates"
"Ajman, United Arab Emirates"
"Abu Dhabi, United Arab Emirates"
"MazÄr-e SharÄ«f, Afghanistan"
"Kunduz, Afghanistan"
"KandahÄr, Afghanistan"
"Kabul, Afghanistan"
"JalÄlÄbÄd, Afghanistan"
"HerÄt, Afghanistan"
"Ghazni, Afghanistan"
"Gardez, Afghanistan"
"Balkh, Afghanistan"
"BaghlÄn, Afghanistan"
"Elbasan, Albania"
"Tirana, Albania"
"DurrÃ«s, Albania"
"Yerevan, Armenia"
"Vanadzor, Armenia"
"Gyumri, Armenia"
"Nâ€™dalatando, Angola"
"Luanda, Angola"
"Lubango, Angola"
"Lobito, Angola"
"Cuito, Angola"
"Huambo, Angola"
"Benguela, Angola"
"Villa Lugano, Argentina"
"Tandil, Argentina"
"Resistencia, Argentina"
"Quilmes, Argentina"
"Posadas, Argentina"
"MorÃ³n, Argentina"
"Mar del Plata, Argentina"
"La Plata, Argentina"
"Formosa, Argentina"
"Corrientes, Argentina"
"Concordia, Argentina"
"Buenos Aires, Argentina"
"Santiago del Estero, Argentina"
"Santa Rosa, Argentina"
"Santa Fe de la Vera Cruz, Argentina"
"San Salvador de Jujuy, Argentina"
"San Rafael, Argentina"
"San NicolÃ¡s de los Arroyos, Argentina"
"San Miguel de TucumÃ¡n, Argentina"
"San Luis, Argentina"
"San Juan, Argentina"
"San Fernando del Valle de Catamarca, Argentina"
"Salta, Argentina"
"Rosario, Argentina"
"RÃ­o Cuarto, Argentina"
"ParanÃ¡, Argentina"
"NeuquÃ©n, Argentina"
"Mendoza, Argentina"
"La Rioja, Argentina"
"CÃ³rdoba, Argentina"
"Comodoro Rivadavia, Argentina"
"BahÃ­a Blanca, Argentina"
"Vienna, Austria"
"Salzburg, Austria"
"Linz, Austria"
"Innsbruck, Austria"
"Graz, Austria"
"Rockingham, Australia"
"Perth, Australia"
"Darwin, Australia"
"Adelaide, Australia"
"Townsville, Australia"
"Toowoomba, Australia"
"Sydney, Australia"
"Newcastle, Australia"
"Melbourne, Australia"
"Launceston, Australia"
"Hobart, Australia"
"Gold Coast, Australia"
"Geelong, Australia"
"Wollongong, Australia"
"Canberra, Australia"
"Cairns, Australia"
"Brisbane, Australia"
"Bendigo, Australia"
"Logan City, Australia"
"Lankaran, Azerbaijan"
"SumqayÄ±t, Azerbaijan"
"Ganja, Azerbaijan"
"Baku, Azerbaijan"
"Zenica, Bosnia And Herzegovina"
"Tuzla, Bosnia And Herzegovina"
"Sarajevo, Bosnia And Herzegovina"
"Mostar, Bosnia And Herzegovina"
"Banja Luka, Bosnia And Herzegovina"
"Tungi, Bangladesh"
"Sylhet, Bangladesh"
"JamÄlpur, Bangladesh"
"SÄtkhira, Bangladesh"
"Sirajganj, Bangladesh"
"Narsingdi, Bangladesh"
"ShÄhzÄdpur, Bangladesh"
"RÄjshÄhi, Bangladesh"
"NÄrÄyanganj, Bangladesh"
"NÄgarpur, Bangladesh"
"Mymensingh, Bangladesh"
"Comilla, Bangladesh"
"Rangpur, Bangladesh"
"Kushtia, Bangladesh"
"Dhaka, Bangladesh"
"Bhairab BÄzÄr, Bangladesh"
"PÄr Naogaon, Bangladesh"
"FarÄ«dpur, Bangladesh"
"DinÄjpur, Bangladesh"
"Chittagong, Bangladesh"
"Coxâ€™s BÄzÄr, Bangladesh"
"Khulna, Bangladesh"
"BarisÄl, Bangladesh"
"Jessore, Bangladesh"
"PÄbna, Bangladesh"
"TÄngÄil, Bangladesh"
"Bogra, Bangladesh"
"NawÄbganj, Bangladesh"
"Sherpur, Bangladesh"
"Saidpur, Bangladesh"
"Paltan, Bangladesh"
"Namur, Belgium"
"LiÃ¨ge, Belgium"
"Gent, Belgium"
"Charleroi, Belgium"
"Brussels, Belgium"
"Brugge, Belgium"
"Antwerpen, Belgium"
"Ouagadougou, Burkina Faso"
"Bobo-Dioulasso, Burkina Faso"
"Varna, Bulgaria"
"Stara Zagora, Bulgaria"
"Sofia, Bulgaria"
"Ruse, Bulgaria"
"Plovdiv, Bulgaria"
"Pleven, Bulgaria"
"Burgas, Bulgaria"
"Manama, Bahrain"
"Bujumbura, Burundi"
"Porto-Novo, Benin"
"Parakou, Benin"
"Kandi, Benin"
"Djougou, Benin"
"Cotonou, Benin"
"Bohicon, Benin"
"Abomey-Calavi, Benin"
"Tarija, Bolivia"
"Sucre, Bolivia"
"Santa Cruz de la Sierra, Bolivia"
"PotosÃ­, Bolivia"
"Oruro, Bolivia"
"La Paz, Bolivia"
"Cochabamba, Bolivia"
"VitÃ³ria de Santo AntÃ£o, Brazil"
"Timon, Brazil"
"Teresina, Brazil"
"Sobral, Brazil"
"SÃ£o LuÃ­s, Brazil"
"Santa Rita, Brazil"
"SantarÃ©m, Brazil"
"Recife, Brazil"
"Petrolina, Brazil"
"Paulista, Brazil"
"Parnamirim, Brazil"
"ParnaÃ­ba, Brazil"
"Olinda, Brazil"
"Natal, Brazil"
"MossorÃ³, Brazil"
"MaracanaÃº, Brazil"
"MarabÃ¡, Brazil"
"MaceiÃ³, Brazil"
"MacapÃ¡, Brazil"
"Juazeiro do Norte, Brazil"
"JoÃ£o Pessoa, Brazil"
"JaboatÃ£o, Brazil"
"Imperatriz, Brazil"
"Garanhuns, Brazil"
"Fortaleza, Brazil"
"Caxias, Brazil"
"Caucaia, Brazil"
"Castanhal, Brazil"
"Caruaru, Brazil"
"Campina Grande, Brazil"
"Cabo, Brazil"
"BelÃ©m, Brazil"
"Arapiraca, Brazil"
"AraguaÃ­na, Brazil"
"Ananindeua, Brazil"
"Volta Redonda, Brazil"
"VitÃ³ria da Conquista, Brazil"
"VitÃ³ria, Brazil"
"Vila Velha, Brazil"
"ViamÃ£o, Brazil"
"VÃ¡rzea Paulista, Brazil"
"VÃ¡rzea Grande, Brazil"
"Varginha, Brazil"
"Uruguaiana, Brazil"
"Umuarama, Brazil"
"UberlÃ¢ndia, Brazil"
"Uberaba, Brazil"
"Toledo, Brazil"
"TeresÃ³polis, Brazil"
"TeÃ³filo Otoni, Brazil"
"TaubatÃ©, Brazil"
"TaboÃ£o da Serra, Brazil"
"Suzano, Brazil"
"SumarÃ©, Brazil"
"Sorocaba, Brazil"
"Sete Lagoas, Brazil"
"Serra, Brazil"
"Sapucaia, Brazil"
"SÃ£o Vicente, Brazil"
"SÃ£o Paulo, Brazil"
"SÃ£o Leopoldo, Brazil"
"SÃ£o JosÃ© dos Pinhais, Brazil"
"SÃ£o JosÃ© dos Campos, Brazil"
"SÃ£o JosÃ© do Rio Preto, Brazil"
"SÃ£o JosÃ©, Brazil"
"SÃ£o JoÃ£o de Meriti, Brazil"
"SÃ£o Carlos, Brazil"
"SÃ£o Caetano do Sul, Brazil"
"SÃ£o Bernardo do Campo, Brazil"
"Santos, Brazil"
"Santo AndrÃ©, Brazil"
"Santa Maria, Brazil"
"Santa Luzia, Brazil"
"Santa Cruz do Sul, Brazil"
"Santa BÃ¡rbara d'Oeste, Brazil"
"Salvador, Brazil"
"RondonÃ³polis, Brazil"
"Rio Grande, Brazil"
"Rio de Janeiro, Brazil"
"Rio das Ostras, Brazil"
"Rio Claro, Brazil"
"RibeirÃ£o Preto, Brazil"
"RibeirÃ£o Pires, Brazil"
"RibeirÃ£o das Neves, Brazil"
"Resende, Brazil"
"Queimados, Brazil"
"Presidente Prudente, Brazil"
"Praia Grande, Brazil"
"Pouso Alegre, Brazil"
"Porto Seguro, Brazil"
"Porto Alegre, Brazil"
"Ponta Grossa, Brazil"
"PoÃ§os de Caldas, Brazil"
"PoÃ¡, Brazil"
"Piracicaba, Brazil"
"Pindamonhangaba, Brazil"
"PetrÃ³polis, Brazil"
"Pelotas, Brazil"
"Patos de Minas, Brazil"
"Passo Fundo, Brazil"
"ParanaguÃ¡, Brazil"
"PalhoÃ§a, Brazil"
"Osasco, Brazil"
"Novo Hamburgo, Brazil"
"Nova IguaÃ§u, Brazil"
"Nova Friburgo, Brazil"
"Nossa Senhora do Socorro, Brazil"
"NiterÃ³i, Brazil"
"NilÃ³polis, Brazil"
"Montes Claros, Brazil"
"Mogi GuaÃ§u, Brazil"
"Mogi das Cruzes, Brazil"
"MauÃ¡, Brazil"
"MaringÃ¡, Brazil"
"MarÃ­lia, Brazil"
"MacaÃ©, Brazil"
"LuziÃ¢nia, Brazil"
"Londrina, Brazil"
"Linhares, Brazil"
"Limeira, Brazil"
"Lages, Brazil"
"JundiaÃ­, Brazil"
"Juiz de Fora, Brazil"
"Joinville, Brazil"
"JequiÃ©, Brazil"
"JaÃº, Brazil"
"JaraguÃ¡ do Sul, Brazil"
"Jandira, Brazil"
"JacareÃ­, Brazil"
"Itu, Brazil"
"Itaquaquecetuba, Brazil"
"Itapevi, Brazil"
"Itapetininga, Brazil"
"Itapecerica da Serra, Brazil"
"ItajaÃ­, Brazil"
"ItaguaÃ­, Brazil"
"Itabuna, Brazil"
"ItaboraÃ­, Brazil"
"Ipatinga, Brazil"
"Indaiatuba, Brazil"
"IlhÃ©us, Brazil"
"IbiritÃ©, Brazil"
"HortolÃ¢ndia, Brazil"
"Guarulhos, Brazil"
"GuarujÃ¡, Brazil"
"GuaratinguetÃ¡, Brazil"
"Guarapuava, Brazil"
"Guarapari, Brazil"
"GravataÃ­, Brazil"
"Governador Valadares, Brazil"
"GoiÃ¢nia, Brazil"
"Franco da Rocha, Brazil"
"Francisco Morato, Brazil"
"Franca, Brazil"
"Foz do IguaÃ§u, Brazil"
"FlorianÃ³polis, Brazil"
"Ferraz de Vasconcelos, Brazil"
"Feira de Santana, Brazil"
"EunÃ¡polis, Brazil"
"Esmeraldas, Brazil"
"Embu, Brazil"
"Duque de Caxias, Brazil"
"Dourados, Brazil"
"DivinÃ³polis, Brazil"
"Diadema, Brazil"
"Curitiba, Brazil"
"CuiabÃ¡, Brazil"
"CubatÃ£o, Brazil"
"CriciÃºma, Brazil"
"Cotia, Brazil"
"Coronel Fabriciano, Brazil"
"Contagem, Brazil"
"Conselheiro Lafaiete, Brazil"
"Colombo, Brazil"
"Colatina, Brazil"
"ChapecÃ³, Brazil"
"Caxias do Sul, Brazil"
"Catanduva, Brazil"
"Cascavel, Brazil"
"CarapicuÃ­ba, Brazil"
"Canoas, Brazil"
"Campos dos Goytacazes, Brazil"
"Campo Grande, Brazil"
"Campinas, Brazil"
"CamaÃ§ari, Brazil"
"Cachoeiro de Itapemirim, Brazil"
"Cachoeirinha, Brazil"
"Cabo Frio, Brazil"
"BrasÃ­lia, Brazil"
"BraganÃ§a Paulista, Brazil"
"Botucatu, Brazil"
"Blumenau, Brazil"
"Birigui, Brazil"
"Betim, Brazil"
"Belo Horizonte, Brazil"
"Belford Roxo, Brazil"
"Bauru, Brazil"
"Barueri, Brazil"
"Barretos, Brazil"
"Barreiras, Brazil"
"Barra Mansa, Brazil"
"Barbacena, Brazil"
"Atibaia, Brazil"
"Assis, Brazil"
"AraucÃ¡ria, Brazil"
"Araruama, Brazil"
"Araras, Brazil"
"Araraquara, Brazil"
"AraÃ§atuba, Brazil"
"Aracaju, Brazil"
"Apucarana, Brazil"
"Angra dos Reis, Brazil"
"AnÃ¡polis, Brazil"
"Americana, Brazil"
"Alagoinhas, Brazil"
"GuaÃ­ba, Brazil"
"Palmas, Brazil"
"Rio Branco, Brazil"
"Porto Velho, Brazil"
"Manaus, Brazil"
"Boa Vista, Brazil"
"Ji ParanÃ¡, Brazil"
"Aparecida de GoiÃ¢nia, Brazil"
"JaboatÃ£o dos Guararapes, Brazil"
"Lauro de Freitas, Brazil"
"Pinhais, Brazil"
"SimÃµes Filho, Brazil"
"Sinop, Brazil"
"Planaltina, Brazil"
"Nassau, Bahamas"
"Gaborone, Botswana"
"Vitebsk, Belarus"
"Salihorsk, Belarus"
"Pinsk, Belarus"
"Orsha, Belarus"
"Novoye Medvezhino, Belarus"
"Navapolatsk, Belarus"
"Minsk, Belarus"
"Mazyr, Belarus"
"Maladzyechna, Belarus"
"Mahilyow, Belarus"
"Hrodna, Belarus"
"Gomel, Belarus"
"Brest, Belarus"
"Horad Barysaw, Belarus"
"Baranovichi, Belarus"
"Babruysk, Belarus"
"Malinovka, Belarus"
"Abbotsford, Canada"
"Anmore, Canada"
"Barrie, Canada"
"Brampton, Canada"
"Burlington, Canada"
"Burnaby, Canada"
"Calgary, Canada"
"Cambridge, Canada"
"Coquitlam, Canada"
"Dartmouth, Canada"
"Delta, Canada"
"Edmonton, Canada"
"Etobicoke, Canada"
"Gatineau, Canada"
"Greater Sudbury, Canada"
"Guelph, Canada"
"Hamilton, Canada"
"Kelowna, Canada"
"Kingston, Canada"
"Kitchener, Canada"
"Laval, Canada"
"London, Canada"
"Longueuil, Canada"
"Markham, Canada"
"Mississauga, Canada"
"MontrÃ©al, Canada"
"North York, Canada"
"Oakville, Canada"
"Oshawa, Canada"
"Ottawa, Canada"
"Regina, Canada"
"Richmond, Canada"
"Richmond Hill, Canada"
"Saguenay, Canada"
"Saskatoon, Canada"
"Sherbrooke, Canada"
"St. Catharines, Canada"
"Surrey, Canada"
"Toronto, Canada"
"Trois-RiviÃ¨res, Canada"
"Vancouver, Canada"
"Vaughan, Canada"
"Victoria, Canada"
"Windsor, Canada"
"Winnipeg, Canada"
"Halifax, Canada"
"QuÃ©bec, Canada"
"LÃ©vis, Canada"
"Sydney, Canada"
"Scarborough, Canada"
"Okanagan, Canada"
"Ladner, Canada"
"East York, Canada"
"Uvira, Congo, Democratic Republic"
"Tshikapa, Congo, Democratic Republic"
"Mwene-Ditu, Congo, Democratic Republic"
"Mbuji-Mayi, Congo, Democratic Republic"
"Kisangani, Congo, Democratic Republic"
"Kindu, Congo, Democratic Republic"
"Kananga, Congo, Democratic Republic"
"Kalemie, Congo, Democratic Republic"
"Isiro, Congo, Democratic Republic"
"Ilebo, Congo, Democratic Republic"
"Goma, Congo, Democratic Republic"
"Gandajika, Congo, Democratic Republic"
"Butembo, Congo, Democratic Republic"
"Bukavu, Congo, Democratic Republic"
"Lubumbashi, Congo, Democratic Republic"
"Likasi, Congo, Democratic Republic"
"Kolwezi, Congo, Democratic Republic"
"Mbandaka, Congo, Democratic Republic"
"Matadi, Congo, Democratic Republic"
"Kinshasa, Congo, Democratic Republic"
"Kikwit, Congo, Democratic Republic"
"Gemena, Congo, Democratic Republic"
"Bandundu, Congo, Democratic Republic"
"Masina, Congo, Democratic Republic"
"Bimbo, Central African Republic"
"Bangui, Central African Republic"
"Pointe-Noire, Congo"
"Dolisie, Congo"
"Brazzaville, Congo"
"ZÃ¼rich, Switzerland"
"Lausanne, Switzerland"
"GenÃ¨ve, Switzerland"
"Bern, Switzerland"
"Basel, Switzerland"
"Yamoussoukro, Cote D'Ivoire"
"San-PÃ©dro, Cote D'Ivoire"
"Man, Cote D'Ivoire"
"Korhogo, Cote D'Ivoire"
"Gagnoa, Cote D'Ivoire"
"Divo, Cote D'Ivoire"
"Daloa, Cote D'Ivoire"
"BouakÃ©, Cote D'Ivoire"
"Anyama, Cote D'Ivoire"
"Abobo, Cote D'Ivoire"
"Abidjan, Cote D'Ivoire"
"Abengourou, Cote D'Ivoire"
"ViÃ±a del Mar, Chile"
"ValparaÃ­so, Chile"
"Valdivia, Chile"
"Temuco, Chile"
"Talcahuano, Chile"
"Talca, Chile"
"Santiago, Chile"
"San Bernardo, Chile"
"Rancagua, Chile"
"QuilpuÃ©, Chile"
"Punta Arenas, Chile"
"Puerto Montt, Chile"
"Puente Alto, Chile"
"Osorno, Chile"
"Los Ãngeles, Chile"
"La Serena, Chile"
"Iquique, Chile"
"CuricÃ³, Chile"
"Coquimbo, Chile"
"CopiapÃ³, Chile"
"ConcepciÃ³n, Chile"
"ChillÃ¡n, Chile"
"Calama, Chile"
"Arica, Chile"
"Antofagasta, Chile"
"La Pintana, Chile"
"Lo Prado, Chile"
"YaoundÃ©, Cameroon"
"Nkongsamba, Cameroon"
"NgaoundÃ©rÃ©, Cameroon"
"Mokolo, Cameroon"
"Mbouda, Cameroon"
"Maroua, Cameroon"
"Loum, Cameroon"
"Kumba, Cameroon"
"KoussÃ©ri, Cameroon"
"Garoua, Cameroon"
"EdÃ©a, Cameroon"
"Douala, Cameroon"
"Bertoua, Cameroon"
"Bamenda, Cameroon"
"Bafoussam, Cameroon"
"Lhasa, China"
"Kashgar, China"
"Jiayuguan, China"
"Hotan, China"
"ÃœrÃ¼mqi, China"
"Turpan, China"
"Shihezi, China"
"Korla, China"
"Hami, China"
"Changji, China"
"Aral, China"
"Altay, China"
"Aksu, China"
"Zunyi, China"
"Zoucheng, China"
"Zigong, China"
"Zhuzhou, China"
"Zhumadian, China"
"Shangqiu, China"
"Zhuji, China"
"Mizhou, China"
"Zhoukou, China"
"Zhoucun, China"
"Yuxi, China"
"Zhicheng, China"
"Zhenzhou, China"
"Zhenjiang, China"
"Zhengzhou, China"
"Xinghua, China"
"Zhaotong, China"
"Zhaoqing, China"
"Luofeng, China"
"Zhanjiang, China"
"Zhangzhou, China"
"Zibo, China"
"Anyang, China"
"Zaozhuang, China"
"Zaoyang, China"
"Yuyao, China"
"Kunshan, China"
"Yunfu, China"
"Yuncheng, China"
"Yulin, China"
"Yuci, China"
"Qianjiang, China"
"Zhongxiang, China"
"Chengzhong, China"
"Yinchuan, China"
"Qingzhou, China"
"Yichun, China"
"Yichang, China"
"Yibin, China"
"Yantai, China"
"Yangzhou, China"
"Yangshuo, China"
"Yangquan, China"
"Yancheng, China"
"Tongshan, China"
"Shangrao, China"
"Jiangguanchi, China"
"Xuanzhou, China"
"Xiuying, China"
"Xiulin, China"
"Xinzhou, China"
"Xinyang, China"
"Nangandao, China"
"Xintai, China"
"Xinpu, China"
"Xinji, China"
"Xining, China"
"Xingtai, China"
"Ankang, China"
"Xindi, China"
"Sanshui, China"
"Xichang, China"
"Xiazhen, China"
"Xiaogan, China"
"Xianyang, China"
"Xiantao, China"
"Xianning, China"
"Zhuhai, China"
"Xiangtan, China"
"Xiangyang, China"
"Xiâ€™an, China"
"Xiamen, China"
"Wuzhou, China"
"Wuxue, China"
"Wuxi, China"
"Dongyang, China"
"Changde, China"
"Wuhu, China"
"Wuhan, China"
"Wuhai, China"
"Wuda, China"
"Wenzhou, China"
"Tianfu, China"
"Weinan, China"
"Weihai, China"
"Weifang, China"
"Wanxian, China"
"Wafangdian, China"
"Tongzhou, China"
"Wusong, China"
"Tianshui, China"
"Tianjin, China"
"Chengtangcun, China"
"Tangshan, China"
"Tanggu, China"
"Taizhou, China"
"Taiyuan, China"
"Taishan, China"
"Taiâ€™an, China"
"Suzhou, China"
"Suizhou, China"
"Suining, China"
"Songjiang, China"
"Shizuishan, China"
"Shiyan, China"
"Shiyan, China"
"Shiqiao, China"
"Shiqi, China"
"Shilong, China"
"Tongchuanshi, China"
"Shijiazhuang, China"
"Shenzhen, China"
"Shashi, China"
"Shaping, China"
"Shaoxing, China"
"Shaowu, China"
"Shaoguan, China"
"Shanwei, China"
"Shantou, China"
"Shanghai, China"
"Shahecheng, China"
"Sanya, China"
"Sanming, China"
"Jieyang, China"
"Rizhao, China"
"Qujing, China"
"Quanzhou, China"
"Qinzhou, China"
"Qinhuangdao, China"
"Huai'an, China"
"Qingdao, China"
"Qingyuan, China"
"Puyang Chengguanzhen, China"
"Puyang, China"
"Putian, China"
"Puqi, China"
"Pulandian, China"
"Pingxiang, China"
"Pingshan, China"
"Pingliang, China"
"Pingdingshan, China"
"Dadukou, China"
"Ningbo, China"
"Neijiang, China"
"Nanyang, China"
"Nantong, China"
"Nanping, China"
"Nanning, China"
"Nanjing, China"
"Nanchong, China"
"Nanchang, China"
"Mingshui, China"
"Mianyang, China"
"Mentougou, China"
"Meizhou, China"
"Wuchuan, China"
"Majie, China"
"Macheng, China"
"Maba, China"
"Luqiao, China"
"Luoyang, China"
"Luoyang, China"
"Luohe, China"
"Kangding, China"
"Luancheng, China"
"Loudi, China"
"Guankou, China"
"Puning, China"
"Linyi, China"
"Linxia Chengguanzhen, China"
"Linxi, China"
"Linshui, China"
"Qingnian, China"
"Linhai, China"
"Linfen, China"
"Licheng, China"
"Liaocheng, China"
"Lianran, China"
"Wuwei, China"
"Lianjiang, China"
"Leshan, China"
"Lengshuijiang, China"
"Leiyang, China"
"Lecheng, China"
"Laohekou, China"
"Lanzhou, China"
"Langfang, China"
"Laiyang, China"
"Laiwu, China"
"Kunming, China"
"Kaiyuan, China"
"Kaifeng, China"
"Jiujiang, China"
"Qianzhou, China"
"Jinzhou, China"
"Jining, China"
"Jinhua, China"
"Jingzhou, China"
"Jingmen, China"
"Jingling, China"
"Jingdezhen, China"
"Jinchang, China"
"Jincheng, China"
"Jinan, China"
"Jieshou, China"
"Jieshi, China"
"Jiazi, China"
"Jiaxing, China"
"Jiaozuo, China"
"Jiaozhou, China"
"Jiangmen, China"
"Yangjiang, China"
"Jiâ€™an, China"
"Guangyuan, China"
"Huzhou, China"
"Humen, China"
"Huizhou, China"
"Huicheng, China"
"Xinhui, China"
"Huayin, China"
"Huangzhou, China"
"Huangyan, China"
"Huangshi, China"
"Dasha, China"
"Huanggang, China"
"Daxing, China"
"Huainan, China"
"Huaihua, China"
"Huaibei, China"
"Heze, China"
"Yiyang, China"
"Hepo, China"
"Hengyang, China"
"Hengshui, China"
"Hefei, China"
"Hebi, China"
"Hanzhong, China"
"Hangzhou, China"
"Hangu, China"
"Handan, China"
"Jiaojiang, China"
"Haimen, China"
"Haikou, China"
"Haikou, China"
"Guli, China"
"Guiyang, China"
"Guilin, China"
"Guangzhou, China"
"Guangshui, China"
"Gejiu, China"
"Gaozhou, China"
"Gaoping, China"
"Gaomi, China"
"Fuzhou, China"
"Fuyang, China"
"Fuling, China"
"Foshan, China"
"Ezhou, China"
"Encheng, China"
"Shengli, China"
"Dongtai, China"
"Donghai, China"
"Dongguan, China"
"Dingzhou, China"
"Dezhou, China"
"Deyang, China"
"Lijiang, China"
"Dazhou, China"
"Dawukou, China"
"Danshui, China"
"Daliang, China"
"Dalian, China"
"Dali, China"
"Chuzhou, China"
"Yangchun, China"
"Chongqing, China"
"Chizhou, China"
"Chenzhou, China"
"Jiangyin, China"
"Chengdu, China"
"Chenghua, China"
"Chaozhou, China"
"Chaohu, China"
"Changzhou, China"
"Changzhi, China"
"Changsha, China"
"Cangzhou, China"
"Buhe, China"
"Bozhou, China"
"Boshan, China"
"Binzhou, China"
"Bengbu, China"
"Beijing, China"
"Beihai, China"
"Beibei, China"
"Baoding, China"
"Baiyin, China"
"Shangyu, China"
"Anshun, China"
"Anqiu, China"
"Anqing, China"
"Anbu, China"
"Jiangyou, China"
"Suzhou, China"
"Zhongshan, China"
"Lianghu, China"
"Yueyang, China"
"Zhaodong, China"
"Zhangjiakou, China"
"Zhalantun, China"
"Yushu, China"
"Yingkou, China"
"Yichun, China"
"Yanji, China"
"Yakeshi, China"
"Zhangjiakou Shi Xuanhua Qu, China"
"Xilin Hot, China"
"Ulanhot, China"
"Tongliao, China"
"Tieling, China"
"Tieli, China"
"Guangming, China"
"Sujiatun, China"
"Suihua, China"
"Siping, China"
"Shunyi, China"
"Shuangyashan, China"
"Shuangcheng, China"
"Shenyang, China"
"Shanhaiguan, China"
"Fendou, China"
"Taihe, China"
"Qiqihar, China"
"Songyuan, China"
"Panshan, China"
"Nehe, China"
"Nanpiao, China"
"Lianhe, China"
"Mudanjiang, China"
"Longjing, China"
"Longjiang, China"
"Longfeng, China"
"Liaoyuan, China"
"Liaoyang, China"
"Kaiyuan, China"
"Jixi, China"
"Jiutai, China"
"Jiupu, China"
"Jishu, China"
"Jinzhou, China"
"Lianshan, China"
"Jining, China"
"Jilin, China"
"Minzhu, China"
"Jiamusi, China"
"Jalai Nur, China"
"Jagdaqi, China"
"Hulan Ergi, China"
"Hulan, China"
"Huadian, China"
"Honggang, China"
"Hohhot, China"
"Fendou, China"
"Heihe, China"
"Hegang, China"
"Harbin, China"
"Hailun, China"
"Hailar, China"
"Haicheng, China"
"Gongzhuling, China"
"Fuyu, China"
"Fuxin, China"
"Fushun, China"
"Fengcheng, China"
"Dunhua, China"
"Dongling, China"
"Dongxing, China"
"Dehui, China"
"Datong, China"
"Daqing, China"
"Dandong, China"
"Chifeng, China"
"Chengde, China"
"Chaoyang, China"
"Changchun, China"
"Benxi, China"
"Beipiao, China"
"Beiâ€™an, China"
"Baotou, China"
"Baoshan, China"
"Baicheng, China"
"Baishan, China"
"Anshan, China"
"Anda, China"
"Acheng, China"
"Changshu City, China"
"Jiashan, China"
"Fenghuang, China"
"Zhu Cheng City, China"
"Shangri-La, China"
"Ordos, China"
"Wenshan City, China"
"Liupanshui, China"
"Villavicencio, Colombia"
"Valledupar, Colombia"
"Tunja, Colombia"
"TuluÃ¡, Colombia"
"Soledad, Colombia"
"Sogamoso, Colombia"
"Soacha, Colombia"
"Sincelejo, Colombia"
"Santa Marta, Colombia"
"PopayÃ¡n, Colombia"
"Pereira, Colombia"
"Pasto, Colombia"
"Palmira, Colombia"
"Neiva, Colombia"
"MonterÃ­a, Colombia"
"MedellÃ­n, Colombia"
"Manizales, Colombia"
"Malambo, Colombia"
"Maicao, Colombia"
"MaganguÃ©, Colombia"
"ItagÃ¼Ã­, Colombia"
"IbaguÃ©, Colombia"
"GirÃ³n, Colombia"
"Girardot City, Colombia"
"Floridablanca, Colombia"
"Florencia, Colombia"
"Envigado, Colombia"
"Dos Quebradas, Colombia"
"CÃºcuta, Colombia"
"Cartago, Colombia"
"Cartagena, Colombia"
"Cali, Colombia"
"Buga, Colombia"
"Buenaventura, Colombia"
"Bucaramanga, Colombia"
"BogotÃ¡, Colombia"
"Bello, Colombia"
"Barranquilla, Colombia"
"Barrancabermeja, Colombia"
"Armenia, Colombia"
"San JosÃ©, Costa Rica"
"Santiago de Cuba, Cuba"
"Santa Clara, Cuba"
"San Miguel del PadrÃ³n, Cuba"
"Sancti SpÃ­ritus, Cuba"
"Pinar del RÃ­o, Cuba"
"Palma Soriano, Cuba"
"Matanzas, Cuba"
"Manzanillo, Cuba"
"Las Tunas, Cuba"
"Havana, Cuba"
"HolguÃ­n, Cuba"
"GuantÃ¡namo, Cuba"
"Guanabacoa, Cuba"
"Cienfuegos, Cuba"
"Ciego de Ãvila, Cuba"
"Cerro, Cuba"
"CamagÃ¼ey, Cuba"
"Bayamo, Cuba"
"Arroyo Naranjo, Cuba"
"Alamar, Cuba"
"Habana del Este, Cuba"
"Centro Habana, Cuba"
"Arroyo Naranjo, Cuba"
"Boyeros, Cuba"
"Diez de Octubre, Cuba"
"Praia, Cape Verde"
"Willemstad, "
"Nicosia, Cyprus"
"Limassol, Cyprus"
"Prague, Czech Republic"
"Pilsen, Czech Republic"
"Ostrava, Czech Republic"
"Olomouc, Czech Republic"
"Brno, Czech Republic"
"WÃ¼rzburg, Germany"
"Wuppertal, Germany"
"Wolfsburg, Germany"
"Witten, Germany"
"Wiesbaden, Germany"
"Ulm, Germany"
"Trier, Germany"
"Stuttgart, Germany"
"Solingen, Germany"
"Siegen, Germany"
"SchÃ¶neberg, Germany"
"SaarbrÃ¼cken, Germany"
"Rostock, Germany"
"Reutlingen, Germany"
"Remscheid, Germany"
"Regensburg, Germany"
"Recklinghausen, Germany"
"Prenzlauer Berg, Germany"
"Potsdam, Germany"
"Pforzheim, Germany"
"Paderborn, Germany"
"OsnabrÃ¼ck, Germany"
"Oldenburg, Germany"
"Offenbach, Germany"
"Oberhausen, Germany"
"NÃ¼rnberg, Germany"
"Nippes, Germany"
"Neue Neustadt, Germany"
"Neuss, Germany"
"MÃ¼nster, Germany"
"Munich, Germany"
"MÃ¼lheim, Germany"
"MÃ¶nchengladbach, Germany"
"Moers, Germany"
"Marzahn, Germany"
"Mannheim, Germany"
"Mainz, Germany"
"Magdeburg, Germany"
"Ludwigshafen am Rhein, Germany"
"LÃ¼beck, Germany"
"Leverkusen, Germany"
"Leipzig, Germany"
"Kreuzberg, Germany"
"Krefeld, Germany"
"KÃ¶ln, Germany"
"Koblenz, Germany"
"Kiel, Germany"
"Kassel, Germany"
"Karlsruhe, Germany"
"Jena, Germany"
"Ingolstadt, Germany"
"Hildesheim, Germany"
"Herne, Germany"
"Heilbronn, Germany"
"Heidelberg, Germany"
"Harburg, Germany"
"Hannover, Germany"
"Hamm, Germany"
"Wandsbek, Germany"
"Marienthal, Germany"
"Hamburg-Mitte, Germany"
"EimsbÃ¼ttel, Germany"
"Altona, Germany"
"Hamburg, Germany"
"Halle (Saale), Germany"
"Hagen, Germany"
"GÃ¶ttingen, Germany"
"Gera, Germany"
"Gelsenkirchen, Germany"
"FÃ¼rth, Germany"
"Friedrichshain, Germany"
"Freiburg, Germany"
"Frankfurt am Main, Germany"
"Essen, Germany"
"Erlangen, Germany"
"Erfurt, Germany"
"DÃ¼sseldorf, Germany"
"Duisburg, Germany"
"Dresden, Germany"
"Dortmund, Germany"
"Darmstadt, Germany"
"Chemnitz, Germany"
"Charlottenburg, Germany"
"Bremerhaven, Germany"
"Bremen, Germany"
"Braunschweig, Germany"
"Bottrop, Germany"
"Bonn, Germany"
"Bochum, Germany"
"Bielefeld, Germany"
"Berlin, Germany"
"Bergisch Gladbach, Germany"
"Augsburg, Germany"
"Aachen, Germany"
"Bochum-Hordel, Germany"
"Bergedorf, Germany"
"Berlin SchÃ¶neberg, Germany"
"Hamburg-Nord, Germany"
"Djibouti, Djibouti"
"Odense, Denmark"
"Copenhagen, Denmark"
"Ã…rhus, Denmark"
"Aalborg, Denmark"
"Santo Domingo, Dominican Republic"
"Santiago de los Caballeros, Dominican Republic"
"San Pedro de MacorÃ­s, Dominican Republic"
"San Francisco de MacorÃ­s, Dominican Republic"
"Puerto Plata, Dominican Republic"
"SalvaleÃ³n de HigÃ¼ey, Dominican Republic"
"Punta Cana, Dominican Republic"
"La Romana, Dominican Republic"
"ConcepciÃ³n de La Vega, Dominican Republic"
"San CristÃ³bal, Dominican Republic"
"Bella Vista, Dominican Republic"
"Santo Domingo Oeste, Dominican Republic"
"Santo Domingo Este, Dominican Republic"
"Boumerdas, Algeria"
"Tlemcen, Algeria"
"Tizi Ouzou, Algeria"
"Tiaret, Algeria"
"TÃ©bessa, Algeria"
"Souk Ahras, Algeria"
"Skikda, Algeria"
"Sidi Bel AbbÃ¨s, Algeria"
"SÃ©tif, Algeria"
"SaÃ¯da, Algeria"
"Relizane, Algeria"
"Oum el Bouaghi, Algeria"
"Ouargla, Algeria"
"Oran, Algeria"
"Mâ€™Sila, Algeria"
"Mostaganem, Algeria"
"MÃ©dÃ©a, Algeria"
"Mascara, Algeria"
"Laghouat, Algeria"
"Khenchela, Algeria"
"Jijel, Algeria"
"Guelma, Algeria"
"El Oued, Algeria"
"El Eulma, Algeria"
"Chlef, Algeria"
"El Achir, Algeria"
"Ech Chettia, Algeria"
"Djelfa, Algeria"
"Constantine, Algeria"
"Bordj el Kiffan, Algeria"
"Bordj Bou Arreridj, Algeria"
"Blida, Algeria"
"Biskra, Algeria"
"BejaÃ¯a, Algeria"
"BÃ©char, Algeria"
"Batna, Algeria"
"Baraki, Algeria"
"Bab Ezzouar, Algeria"
"Annaba, Algeria"
"Algiers, Algeria"
"AÃ¯n Oussera, Algeria"
"AÃ¯n BeÃ¯da, Algeria"
"Santo Domingo de los Colorados, Ecuador"
"Riobamba, Ecuador"
"Quito, Ecuador"
"Quevedo, Ecuador"
"Portoviejo, Ecuador"
"Milagro, Ecuador"
"Manta, Ecuador"
"Machala, Ecuador"
"Loja, Ecuador"
"Ibarra, Ecuador"
"Guayaquil, Ecuador"
"Esmeraldas, Ecuador"
"Eloy Alfaro, Ecuador"
"Cuenca, Ecuador"
"Ambato, Ecuador"
"Tutamandahostel, Ecuador"
"Tartu, Estonia"
"Tallinn, Estonia"
"Tanda, Egypt"
"Å¢alkhÄ, Egypt"
"Sohag, Egypt"
"ShibÄ«n al Kawm, Egypt"
"QinÄ, Egypt"
"QalyÅ«b, Egypt"
"MallawÄ«, Egypt"
"Kafr ash Shaykh, Egypt"
"Kafr ad DawwÄr, Egypt"
"JirjÄ, Egypt"
"IdkÅ«, Egypt"
"IdfÅ«, Egypt"
"á¸¨alwÄn, Egypt"
"DisÅ«q, Egypt"
"Dikirnis, Egypt"
"DamanhÅ«r, Egypt"
"Port Said, Egypt"
"BilqÄs, Egypt"
"Bilbays, Egypt"
"BanÄ« Suwayf, Egypt"
"BanhÄ, Egypt"
"Zagazig, Egypt"
"AsyÅ«Å£, Egypt"
"Aswan, Egypt"
"Suez, Egypt"
"Luxor, Egypt"
"Cairo, Egypt"
"Al MinyÄ, Egypt"
"Al MansÅ«rah, Egypt"
"Al Maá¸©allah al KubrÃ¡, Egypt"
"Giza, Egypt"
"Ismailia, Egypt"
"Alexandria, Egypt"
"Al á¸¨awÄmidÄ«yah, Egypt"
"Al FayyÅ«m, Egypt"
"Arish, Egypt"
"AbÅ« KabÄ«r, Egypt"
"Laayoune, Western Sahara"
"Asmara, Eritrea"
"Valencia, Spain"
"Torrevieja, Spain"
"Telde, Spain"
"Sevilla, Spain"
"Santa Cruz de Tenerife, Spain"
"La Laguna, Spain"
"Palma, Spain"
"Murcia, Spain"
"Marbella, Spain"
"MÃ¡laga, Spain"
"Las Palmas de Gran Canaria, Spain"
"Jerez de la Frontera, Spain"
"JaÃ©n, Spain"
"Huelva, Spain"
"Granada, Spain"
"Elche, Spain"
"Dos Hermanas, Spain"
"CÃ³rdoba, Spain"
"CastellÃ³ de la Plana, Spain"
"Cartagena, Spain"
"Cadiz, Spain"
"Badajoz, Spain"
"AlmerÃ­a, Spain"
"Alicante, Spain"
"Algeciras, Spain"
"Albacete, Spain"
"Zaragoza, Spain"
"Gasteiz / Vitoria, Spain"
"Villaverde, Spain"
"Vigo, Spain"
"Valladolid, Spain"
"TorrejÃ³n de Ardoz, Spain"
"TetuÃ¡n de las Victorias, Spain"
"Terrassa, Spain"
"Tarragona, Spain"
"Santander, Spain"
"Santa Coloma de Gramenet, Spain"
"Donostia / San SebastiÃ¡n, Spain"
"Sant Andreu de Palomar, Spain"
"Salamanca, Spain"
"Sabadell, Spain"
"Reus, Spain"
"Puente de Vallecas, Spain"
"Parla, Spain"
"Pamplona, Spain"
"Oviedo, Spain"
"Ourense, Spain"
"MÃ³stoles, Spain"
"Moratalaz, Spain"
"MatarÃ³, Spain"
"Madrid, Spain"
"LogroÃ±o, Spain"
"Lleida, Spain"
"LeÃ³n, Spain"
"LeganÃ©s, Spain"
"A CoruÃ±a, Spain"
"L'Hospitalet de Llobregat, Spain"
"Hortaleza, Spain"
"GrÃ cia, Spain"
"GijÃ³n, Spain"
"Getafe, Spain"
"Fuenlabrada, Spain"
"Ciudad Lineal, Spain"
"ChamartÃ­n, Spain"
"Burgos, Spain"
"Bilbao, Spain"
"Barcelona, Spain"
"Badalona, Spain"
"AlcorcÃ³n, Spain"
"Alcobendas, Spain"
"AlcalÃ¡ de Henares, Spain"
"Nou Barris, Spain"
"Moncloa-Aravaca, Spain"
"Eixample, Spain"
"SarriÃ -Sant Gervasi, Spain"
"Horta-GuinardÃ³, Spain"
"Sants-MontjuÃ¯c, Spain"
"Sant MartÃ­, Spain"
"Ciutat Vella, Spain"
"Arganzuela, Spain"
"San Blas, Spain"
"Latina, Spain"
"Usera, Spain"
"Salamanca, Spain"
"ChamberÃ­, Spain"
"Carabanchel, Spain"
"City Center, Spain"
"Retiro, Spain"
"Delicias, Spain"
"Fuencarral-El Pardo, Spain"
"NazrÄ“t, Ethiopia"
"Mek'ele, Ethiopia"
"Jimma, Ethiopia"
"Gondar, Ethiopia"
"Dire Dawa, Ethiopia"
"DesÄ“, Ethiopia"
"Bishoftu, Ethiopia"
"Bahir Dar, Ethiopia"
"Hawassa, Ethiopia"
"Addis Ababa, Ethiopia"
"Vantaa, Finland"
"Turku, Finland"
"Tampere, Finland"
"Oulu, Finland"
"Helsinki, Finland"
"Espoo, Finland"
"Villeurbanne, France"
"Tours, France"
"Toulouse, France"
"Toulon, France"
"Strasbourg, France"
"Saint-Ã‰tienne, France"
"Rouen, France"
"Rennes, France"
"Reims, France"
"Perpignan, France"
"Paris, France"
"OrlÃ©ans, France"
"NÃ®mes, France"
"Nice, France"
"Nantes, France"
"Nancy, France"
"Mulhouse, France"
"Montpellier, France"
"Metz, France"
"Marseille, France"
"Lyon, France"
"Limoges, France"
"Lille, France"
"Le Mans, France"
"Le Havre, France"
"Grenoble, France"
"Dijon, France"
"Clermont-Ferrand, France"
"Caen, France"
"Brest, France"
"Boulogne-Billancourt, France"
"Bordeaux, France"
"BesanÃ§on, France"
"Argenteuil, France"
"Angers, France"
"Amiens, France"
"Aix-en-Provence, France"
"Saint-Quentin-en-Yvelines, France"
"Cergy-Pontoise, France"
"Port-Gentil, Gabon"
"Libreville, Gabon"
"York, United Kingdom"
"Worcester, United Kingdom"
"Wolverhampton, United Kingdom"
"Woking, United Kingdom"
"West Bromwich, United Kingdom"
"Watford, United Kingdom"
"Walsall, United Kingdom"
"Swindon, United Kingdom"
"Swansea, United Kingdom"
"Sutton Coldfield, United Kingdom"
"Sutton, United Kingdom"
"Sunderland, United Kingdom"
"Stoke-on-Trent, United Kingdom"
"Stockport, United Kingdom"
"Southend-on-Sea, United Kingdom"
"Southampton, United Kingdom"
"Slough, United Kingdom"
"Sheffield, United Kingdom"
"St Helens, United Kingdom"
"Rotherham, United Kingdom"
"Reading, United Kingdom"
"Preston, United Kingdom"
"Portsmouth, United Kingdom"
"Poole, United Kingdom"
"Plymouth, United Kingdom"
"Peterborough, United Kingdom"
"Oxford, United Kingdom"
"Oldham, United Kingdom"
"Nottingham, United Kingdom"
"Norwich, United Kingdom"
"Northampton, United Kingdom"
"Newport, United Kingdom"
"Newcastle upon Tyne, United Kingdom"
"Milton Keynes, United Kingdom"
"Middlesbrough, United Kingdom"
"Manchester, United Kingdom"
"Luton, United Kingdom"
"City of London, United Kingdom"
"London, United Kingdom"
"Liverpool, United Kingdom"
"Leicester, United Kingdom"
"Leeds, United Kingdom"
"Hull, United Kingdom"
"Islington, United Kingdom"
"Ipswich, United Kingdom"
"Huddersfield, United Kingdom"
"Gloucester, United Kingdom"
"Glasgow, United Kingdom"
"Gillingham, United Kingdom"
"Exeter, United Kingdom"
"Enfield Town, United Kingdom"
"Edinburgh, United Kingdom"
"Eastbourne, United Kingdom"
"Dundee, United Kingdom"
"Dudley, United Kingdom"
"Derby, United Kingdom"
"Dagenham, United Kingdom"
"Croydon, United Kingdom"
"Crawley, United Kingdom"
"Coventry, United Kingdom"
"Colchester, United Kingdom"
"Cheltenham, United Kingdom"
"Chelmsford, United Kingdom"
"Cardiff, United Kingdom"
"Cambridge, United Kingdom"
"Bristol, United Kingdom"
"Brighton, United Kingdom"
"Bradford, United Kingdom"
"Bournemouth, United Kingdom"
"Bolton, United Kingdom"
"Blackpool, United Kingdom"
"Blackburn, United Kingdom"
"Birmingham, United Kingdom"
"Bexley, United Kingdom"
"Belfast, United Kingdom"
"Basildon, United Kingdom"
"Aberdeen, United Kingdom"
"Telford, United Kingdom"
"Becontree, United Kingdom"
"Mendip, United Kingdom"
"Tbilisi, Georgia"
"Kutaisi, Georgia"
"Batumi, Georgia"
"Teshi Old Town, Ghana"
"Tema, Ghana"
"Tamale, Ghana"
"Takoradi, Ghana"
"Sekondi-Takoradi, Ghana"
"Obuasi, Ghana"
"Medina Estates, Ghana"
"Kumasi, Ghana"
"Cape Coast, Ghana"
"Achiaman, Ghana"
"Accra, Ghana"
"NzÃ©rÃ©korÃ©, Guinea"
"Kindia, Guinea"
"Kankan, Guinea"
"Conakry, Guinea"
"Camayenne, Guinea"
"Malabo, Equatorial Guinea"
"Bata, Equatorial Guinea"
"Piraeus, Greece"
"PeristÃ©ri, Greece"
"PÃ¡tra, Greece"
"LÃ¡risa, Greece"
"KallithÃ©a, Greece"
"IrÃ¡kleion, Greece"
"Athens, Greece"
"ThessalonÃ­ki, Greece"
"Villa Nueva, Guatemala"
"Villa Canales, Guatemala"
"San Juan SacatepÃ©quez, Guatemala"
"Quetzaltenango, Guatemala"
"Petapa, Guatemala"
"Mixco, Guatemala"
"Escuintla, Guatemala"
"Guatemala City, Guatemala"
"Bissau, Guinea-Bissau"
"Georgetown, Guyana"
"Tsuen Wan, Hong Kong"
"Yuen Long Kau Hui, Hong Kong"
"Kowloon, Hong Kong"
"Hong Kong, Hong Kong"
"Tegucigalpa, Honduras"
"San Pedro Sula, Honduras"
"La Ceiba, Honduras"
"El Progreso, Honduras"
"Choloma, Honduras"
"Zagreb, Croatia"
"Split, Croatia"
"Rijeka, Croatia"
"Port-de-Paix, Haiti"
"Port-au-Prince, Haiti"
"Tigwav, Haiti"
"PÃ©tionville, Haiti"
"LÃ©ogÃ¢ne, Haiti"
"Jacmel, Haiti"
"Delmas 73, Haiti"
"Croix-des-Bouquets, Haiti"
"Les Cayes, Haiti"
"Carrefour, Haiti"
"Okap, Haiti"
"Szeged, Hungary"
"NyÃ­regyhÃ¡za, Hungary"
"Miskolc, Hungary"
"Debrecen, Hungary"
"SzÃ©kesfehÃ©rvÃ¡r, Hungary"
"PÃ©cs, Hungary"
"KecskemÃ©t, Hungary"
"GyÅ‘r, Hungary"
"Budapest, Hungary"
"Budapest XI. kerÃ¼let, Hungary"
"Budapest XIII. kerÃ¼let, Hungary"
"Budapest III. kerÃ¼let, Hungary"
"Tebingtinggi, Indonesia"
"Tanjungbalai, Indonesia"
"Sunggal, Indonesia"
"Rantauprapat, Indonesia"
"Percut, Indonesia"
"Perbaungan, Indonesia"
"Pematangsiantar, Indonesia"
"Padangsidempuan, Indonesia"
"Medan, Indonesia"
"Kisaran, Indonesia"
"Binjai, Indonesia"
"Belawan, Indonesia"
"Banda Aceh, Indonesia"
"Yogyakarta, Indonesia"
"Weru, Indonesia"
"Ungaran, Indonesia"
"Makassar, Indonesia"
"Ternate, Indonesia"
"Tegal, Indonesia"
"Tasikmalaya, Indonesia"
"Tanjungpinang, Indonesia"
"Bandar Lampung, Indonesia"
"Tangerang, Indonesia"
"Surakarta, Indonesia"
"Surabaya, Indonesia"
"Sumedang Utara, Indonesia"
"Sumedang, Indonesia"
"Sukabumi, Indonesia"
"Sorong, Indonesia"
"Soreang, Indonesia"
"Situbondo, Indonesia"
"Singkawang, Indonesia"
"Singaraja, Indonesia"
"Sidoarjo, Indonesia"
"Serang, Indonesia"
"Sepatan, Indonesia"
"Semarang, Indonesia"
"Sawangan, Indonesia"
"Samarinda, Indonesia"
"Salatiga, Indonesia"
"Rengasdengklok, Indonesia"
"Rangkasbitung, Indonesia"
"Purwokerto, Indonesia"
"Purwodadi, Indonesia"
"Purwakarta, Indonesia"
"Probolinggo, Indonesia"
"Pontianak, Indonesia"
"Plumbon, Indonesia"
"Prabumulih, Indonesia"
"Pemalang, Indonesia"
"Pekanbaru, Indonesia"
"Pekalongan, Indonesia"
"Payakumbuh, Indonesia"
"Pati, Indonesia"
"Pasuruan, Indonesia"
"Paseh, Indonesia"
"Pasarkemis, Indonesia"
"Parung, Indonesia"
"Parepare, Indonesia"
"Pangkalpinang, Indonesia"
"Pamulang, Indonesia"
"Pamanukan, Indonesia"
"Palu, Indonesia"
"Palopo, Indonesia"
"Palembang, Indonesia"
"Palangkaraya, Indonesia"
"Padang, Indonesia"
"Mojokerto, Indonesia"
"Metro, Indonesia"
"Mataram, Indonesia"
"Martapura, Indonesia"
"Manado, Indonesia"
"Malang, Indonesia"
"Magelang, Indonesia"
"Madiun, Indonesia"
"Lumajang, Indonesia"
"Lubuklinggau, Indonesia"
"Loa Janan, Indonesia"
"Lembang, Indonesia"
"Lawang, Indonesia"
"Labuan Bajo, Indonesia"
"Kresek, Indonesia"
"Klaten, Indonesia"
"Kendari, Indonesia"
"Kedungwuni, Indonesia"
"Kediri, Indonesia"
"Jombang, Indonesia"
"Jember, Indonesia"
"Jambi City, Indonesia"
"Jakarta, Indonesia"
"Indramayu, Indonesia"
"Grogol, Indonesia"
"Gorontalo, Indonesia"
"Dumai, Indonesia"
"Depok, Indonesia"
"Depok, Indonesia"
"Denpasar, Indonesia"
"Curug, Indonesia"
"Citeureup, Indonesia"
"Cirebon, Indonesia"
"Ciputat, Indonesia"
"Cimahi, Indonesia"
"Cileunyi, Indonesia"
"Cileungsir, Indonesia"
"Cikarang, Indonesia"
"Cikampek, Indonesia"
"Cibinong, Indonesia"
"Ciamis, Indonesia"
"Ciampea, Indonesia"
"Bontang, Indonesia"
"Bogor, Indonesia"
"Blitar, Indonesia"
"Bitung, Indonesia"
"Bengkulu, Indonesia"
"Bekasi, Indonesia"
"Baturaja, Indonesia"
"Batang, Indonesia"
"Banyuwangi, Indonesia"
"Banjarmasin, Indonesia"
"Banjaran, Indonesia"
"Bangil, Indonesia"
"Bandung, Indonesia"
"Balikpapan, Indonesia"
"Astanajapura, Indonesia"
"Arjawinangun, Indonesia"
"Ambon, Indonesia"
"Adiwerna, Indonesia"
"Padalarang, Indonesia"
"Cikupa, Indonesia"
"Teluknaga, Indonesia"
"Kupang, Indonesia"
"Jayapura, Indonesia"
"City of Balikpapan, Indonesia"
"South Tangerang, Indonesia"
"DÃºn Laoghaire, Ireland"
"Dublin, Ireland"
"Cork, Ireland"
"Jerusalem, Israel"
"Yafo, Israel"
"Tel Aviv, Israel"
"Rishon Leáº”iyyon, Israel"
"Ramat Gan, Israel"
"Petaáº– Tiqwa, Israel"
"Netanya, Israel"
"HÌ±olon, Israel"
"Haifa, Israel"
"BenÃ© Beraq, Israel"
"Beersheba, Israel"
"Bat Yam, Israel"
"Ashqelon, Israel"
"Ashdod, Israel"
"West Jerusalem, Israel"
"Yelahanka, India"
"YavatmÄl, India"
"YamunÄnagar, India"
"Wardha, India"
"Warangal, India"
"Vizianagaram, India"
"Visakhapatnam, India"
"VirÄr, India"
"Vijayawada, India"
"Vidisha, India"
"VerÄval, India"
"Vellore, India"
"Vejalpur, India"
"VÄsco Da GÄma, India"
"Varanasi, India"
"Vadodara, India"
"Uppal Kalan, India"
"UnnÄo, India"
"Ulhasnagar, India"
"Ujjain, India"
"Udipi, India"
"UdgÄ«r, India"
"Udaipur, India"
"TumkÅ«r, India"
"Thiruvananthapuram, India"
"TrichÅ«r, India"
"Tonk, India"
"TitÄgarh, India"
"TiruvottiyÅ«r, India"
"TiruvannÄmalai, India"
"Tiruppur, India"
"Tirupati, India"
"Tirunelveli, India"
"Tiruchirappalli, India"
"ThanjÄvÅ«r, India"
"ThÄnesar, India"
"ThÄne, India"
"Teni, India"
"Tambaram, India"
"TÄdepallegÅ«dem, India"
"SuriÄpet, India"
"Surendranagar, India"
"SÅ«rat, India"
"SultÄnpur, India"
"SÅ«jÄngarh, India"
"Srinagar, India"
"Chicacole, India"
"SonÄ«pat, India"
"SiwÄn, India"
"SÄ«tÄpur, India"
"Sirsa, India"
"Shimla, India"
"Silchar, India"
"SÄ«kar, India"
"Shyamnagar, India"
"ShrÄ«rÄmpur, India"
"SolÄpur, India"
"Shivpuri, India"
"Shimoga, India"
"Shillong, India"
"Shiliguri, India"
"ShÄntipur, India"
"ShÄhjÄnpur, India"
"Seoni, India"
"Secunderabad, India"
"SawÄi MÄdhopur, India"
"Satna, India"
"Satara, India"
"SÄngli, India"
"Sambhal, India"
"Sambalpur, India"
"Salem, India"
"Saharsa, India"
"SahÄranpur, India"
"Saugor, India"
"Roorkee, India"
"Rohtak, India"
"Robertsonpet, India"
"Rishra, India"
"RewÄri, India"
"Rewa, India"
"RatlÄm, India"
"RÄnÄ«ganj, India"
"Ranchi, India"
"RÄmpur, India"
"RÄmgundam, India"
"RÄj-NÄndgaon, India"
"RÄjkot, India"
"Rajapalaiyam, India"
"RÄjahmundry, India"
"Raipur, India"
"Raigarh, India"
"RÄiganj, India"
"RÄichÅ«r, India"
"Raebareli, India"
"Kollam, India"
"Puruliya, India"
"Purnia, India"
"Puri, India"
"Pune, India"
"PunÄsa, India"
"Pudukkottai, India"
"ProddatÅ«r, India"
"Port Blair, India"
"Porbandar, India"
"PonnÄni, India"
"Puducherry, India"
"Pimpri, India"
"PÄ«libhÄ«t, India"
"PhagwÄra, India"
"Patna, India"
"PatiÄla, India"
"PathÄnkot, India"
"PÄtan, India"
"Parbhani, India"
"Panvel, India"
"PÄnÄ«pat, India"
"PÄnihÄti, India"
"Palwal, India"
"PallÄvaram, India"
"PÄli, India"
"PÄlghÄt, India"
"PÄlanpur, India"
"Orai, India"
"Ongole, India"
"Nowrangapur, India"
"NizÄmÄbÄd, India"
"New Delhi, India"
"Nellore, India"
"NavadwÄ«p, India"
"Nashik, India"
"NÄngloi JÄt, India"
"NandyÄl, India"
"Nandurbar, India"
"Nanded, India"
"Nalgonda, India"
"NaihÄti, India"
"Nagpur, India"
"NÄgercoil, India"
"Nagda, India"
"NadiÄd, India"
"Mysore, India"
"Muzaffarpur, India"
"Muzaffarnagar, India"
"MurwÄra, India"
"Monghyr, India"
"MothÄ«hÄri, India"
"Morena, India"
"Morbi, India"
"MorÄdÄbÄd, India"
"Moga, India"
"MirzÄpur, India"
"MiriÄlgÅ«da, India"
"Meerut, India"
"MedinÄ«pur, India"
"Mau, India"
"Mathura, India"
"Marmagao, India"
"Mangalore, India"
"Mandya, India"
"MÄndu, India"
"Mandsaur, India"
"MÄler Kotla, India"
"MÄlegaon, India"
"MahbÅ«bnagar, India"
"Madurai, India"
"Chennai, India"
"Madhyamgram, India"
"Madanapalle, India"
"MachilÄ«patnam, India"
"LudhiÄna, India"
"Lucknow, India"
"Loni, India"
"Latur, India"
"Lalitpur, India"
"LakhÄ«mpur, India"
"Kumbakonam, India"
"Kulti, India"
"KÅ«katpalli, India"
"Krishnanagar, India"
"Kozhikode, India"
"Kota, India"
"Korba, India"
"KolhÄpur, India"
"KolÄr, India"
"Kishangarh, India"
"Khurja, India"
"Khardah, India"
"Kharagpur, India"
"Khanna, India"
"Khandwa, India"
"Khammam, India"
"Katihar, India"
"Kashipur, India"
"Karol BÄgh, India"
"KarnÄl, India"
"KarÄ«mnagar, India"
"Kanpur, India"
"KÄnchipuram, India"
"KÄmÄrhÄti, India"
"KalyÄn, India"
"KÄkinÄda, India"
"Kaithal, India"
"KÄnchrÄpÄra, India"
"JÅ«nÄgadh, India"
"Jalandhar, India"
"Jodhpur, India"
"JÄ«nd, India"
"JhunjhunÅ«n, India"
"JhÄnsi, India"
"Jetpur, India"
"Jaunpur, India"
"JÄmuria, India"
"Jamshedpur, India"
"Jamnagar, India"
"Jammu, India"
"JamÄlpur, India"
"JalpÄiguri, India"
"JÄlna, India"
"Jalgaon, India"
"Jaipur, India"
"JagÄdhri, India"
"Jabalpur, India"
"ItÄrsi, India"
"IngrÄj BÄzÄr, India"
"Indore, India"
"Imphal, India"
"Ichalkaranji, India"
"Hyderabad, India"
"Hugli, India"
"Hubli, India"
"HosÅ«r, India"
"Hospet, India"
"HoshangÄbÄd, India"
"Hisar, India"
"Hindupur, India"
"HazÄrÄ«bÄg, India"
"HÄthras, India"
"Hassan, India"
"Haridwar, India"
"HardoÄ«, India"
"HÄpur, India"
"HÄora, India"
"HanumÄngarh, India"
"HÄlÄ«sahar, India"
"Haldwani, India"
"HÄjÄ«pur, India"
"HÄbra, India"
"Gwalior, India"
"Gurgaon, India"
"Guntur, India"
"Guntakal Junction, India"
"Guna, India"
"Gulbarga, India"
"GudivÄda, India"
"GosÄba, India"
"Gorakhpur, India"
"Gorakhpur, India"
"GondiÄ, India"
"Gondal, India"
"GondÄ City, India"
"Godhra, India"
"GhazÄ«pur, India"
"GhÄziÄbÄd, India"
"Gaya, India"
"Guwahati, India"
"GangÄwati, India"
"GangÄpur, India"
"GangÄnagar, India"
"Ghandinagar, India"
"GÄndhÄ«dhÄm, India"
"Gadag, India"
"Ferozepore, India"
"FÄ«rozÄbÄd, India"
"Fatehpur, India"
"FarrukhÄbÄd, India"
"Faridabad, India"
"FyzÄbÄd, India"
"EtÄwah, India"
"Erode, India"
"Ellore, India"
"Durgapur, India"
"Durg, India"
"Dam Dam, India"
"Dombivli, India"
"Dindigul, India"
"DimÄpur, India"
"Dibrugarh, India"
"DhÅ«lia, India"
"Dhaulpur, India"
"Dharmavaram, India"
"DhanbÄd, India"
"Dewas, India"
"Deoria, India"
"Delhi, India"
"Dehri, India"
"Dehra DÅ«n, India"
"DÄrjiling, India"
"Darbhanga, India"
"Dinapore, India"
"Damoh, India"
"Cuttack, India"
"Cuddapah, India"
"Cuddalore, India"
"Coimbatore, India"
"Cochin, India"
"ChÅ«ru, India"
"Chittaurgarh, India"
"Chitradurga, India"
"ChikmagalÅ«r, India"
"ChhindwÄra, India"
"Chhatarpur, India"
"ChÄpra, India"
"ChÄs, India"
"ChÄnda, India"
"Chandigarh, India"
"Chanduasi, India"
"Chandannagar, India"
"Kolkata, India"
"BurhÄnpur, India"
"Bulandshahr, India"
"Budaun, India"
"Brahmapur, India"
"BotÄd, India"
"Borivli, India"
"Mumbai, India"
"BokÄro, India"
"Bilimora, India"
"BilÄspur, India"
"BÄ«kaner, India"
"Bijapur, India"
"BihÄr SharÄ«f, India"
"BÄ«dar, India"
"BhusÄval, India"
"Bhuj, India"
"Bhubaneshwar, India"
"Bhopal, India"
"BhiwÄni, India"
"Bhiwandi, India"
"Bhind, India"
"BhÄ«mavaram, India"
"BhÄ«lwÄra, India"
"Bhilai, India"
"Bhayandar, India"
"Bhavnagar, India"
"BhÄtpÄra, India"
"Bathinda, India"
"BharÅ«ch, India"
"Bharatpur, India"
"BhÄgalpur, India"
"Bhadreswar, India"
"BhadrÄvati, India"
"Bettiah, India"
"Bellary, India"
"Belgaum, India"
"Begusarai, India"
"BeÄwar, India"
"BatÄla, India"
"BastÄ«, India"
"BÄrsi, India"
"BarnÄla, India"
"Bareilly, India"
"BarddhamÄn, India"
"BÄrÄsat, India"
"BÄrÄsat, India"
"Baranagar, India"
"BÄrÄkpur, India"
"BÄnsbÄria, India"
"BÄnkura, India"
"Bangaon, India"
"Bengaluru, India"
"BÄnda, India"
"BÄlurghÄt, India"
"BÄli, India"
"Balasore, India"
"BaidyabÄti, India"
"Bahraigh, India"
"Baharampur, India"
"BahÄdurgarh, India"
"Bagaha, India"
"Badlapur, India"
"Azamgarh, India"
"Ä€vadi, India"
"Aurangabad, India"
"Ä€sansol, India"
"Arrah, India"
"Anantapur, India"
"Anand, India"
"Amroha, India"
"Amritsar, India"
"AmrÄvati, India"
"Ambur, India"
"AmbattÅ«r, India"
"AmbÄla, India"
"AmarnÄth, India"
"Alwar, India"
"Alleppey, India"
"AllahÄbÄd, India"
"AlÄ«garh, India"
"Alandur, India"
"Akola, India"
"Ajmer, India"
"Aizawl, India"
"Ahmadnagar, India"
"Ahmedabad, India"
"Agra, India"
"Agartala, India"
"Ä€doni, India"
"Ä€dilÄbÄd, India"
"Achalpur, India"
"Abohar, India"
"Haldia, India"
"Nangi, India"
"SoyÄ«bug, India"
"Navi Mumbai, India"
"Shivaji Nagar, India"
"Greater Noida, India"
"Mohali, India"
"Airoli, India"
"Noida, India"
"Singrauli, India"
"Jaigaon, India"
"Lal Bahadur Nagar, India"
"Malkajgiri, India"
"Gajuwaka, India"
"Quthbullapur, India"
"Serilingampalle, India"
"Ashoknagar Kalyangarh, India"
"Ramagundam, India"
"Kultali, India"
"Umm Qasr, Iraq"
"SÄ«nah, Iraq"
"SÄmarrÄâ€™, Iraq"
"Kirkuk, Iraq"
"Karbala, Iraq"
"Erbil, Iraq"
"Dihok, Iraq"
"Baqubah, Iraq"
"Baghdad, Iraq"
"Az Zubayr, Iraq"
"As SulaymÄnÄ«yah, Iraq"
"As Samawah, Iraq"
"Ramadi, Iraq"
"Nasiriyah, Iraq"
"Najaf, Iraq"
"Al Mawsil al JadÄ«dah, Iraq"
"Mosul, Iraq"
"Al KÅ«t, Iraq"
"Kufa, Iraq"
"Al á¸¨illah, Iraq"
"Al FÄw, Iraq"
"Al FallÅ«jah, Iraq"
"Basrah, Iraq"
"Al â€˜AmÄrah, Iraq"
"Ad DÄ«wÄnÄ«yah, Iraq"
"AbÅ« Ghurayb, Iraq"
"Al Basrah al QadÄ«mah, Iraq"
"Ä€zÄdshahr, Iran, Islamic Republic Of"
"KahrÄ«z, Iran, Islamic Republic Of"
"Qarchak, Iran, Islamic Republic Of"
"ZanjÄn, Iran, Islamic Republic Of"
"Yazd, Iran, Islamic Republic Of"
"VarÄmÄ«n, Iran, Islamic Republic Of"
"Torbat-e á¸¨eydarÄ«yeh, Iran, Islamic Republic Of"
"Tehran, Iran, Islamic Republic Of"
"Tabriz, Iran, Islamic Republic Of"
"Sirjan, Iran, Islamic Republic Of"
"Shiraz, Iran, Islamic Republic Of"
"Shahr-e Kord, Iran, Islamic Republic Of"
"SemnÄn, Iran, Islamic Republic Of"
"SÄveh, Iran, Islamic Republic Of"
"Sari, Iran, Islamic Republic Of"
"Saqqez, Iran, Islamic Republic Of"
"Sanandaj, Iran, Islamic Republic Of"
"Sabzevar, Iran, Islamic Republic Of"
"Rasht, Iran, Islamic Republic Of"
"RafsanjÄn, Iran, Islamic Republic Of"
"QÅ«chÄn, Iran, Islamic Republic Of"
"Qom, Iran, Islamic Republic Of"
"Qazvin, Iran, Islamic Republic Of"
"PÄrsÄbÄd, Iran, Islamic Republic Of"
"OrÅ«mÄ«yeh, Iran, Islamic Republic Of"
"NÄ«shÄbÅ«r, Iran, Islamic Republic Of"
"NazÌ§arÄbÄd, Iran, Islamic Republic Of"
"MÄ«ÄndoÄb, Iran, Islamic Republic Of"
"Masjed SoleymÄn, Iran, Islamic Republic Of"
"Mashhad, Iran, Islamic Republic Of"
"Marand, Iran, Islamic Republic Of"
"MalÄyer, Iran, Islamic Republic Of"
"MahÄbÄd, Iran, Islamic Republic Of"
"KÅ«hdasht, Iran, Islamic Republic Of"
"Khvoy, Iran, Islamic Republic Of"
"Khorramshahr, Iran, Islamic Republic Of"
"Khorramabad, Iran, Islamic Republic Of"
"Kermanshah, Iran, Islamic Republic Of"
"Kerman, Iran, Islamic Republic Of"
"Karaj, Iran, Islamic Republic Of"
"ÄªlÄm, Iran, Islamic Republic Of"
"HamadÄn, Iran, Islamic Republic Of"
"GorgÄn, Iran, Islamic Republic Of"
"Gonbad-e KÄvÅ«s, Iran, Islamic Republic Of"
"Shahrud, Iran, Islamic Republic Of"
"Bandar-e BÅ«shehr, Iran, Islamic Republic Of"
"BÅ«kÄn, Iran, Islamic Republic Of"
"BorÅ«jerd, Iran, Islamic Republic Of"
"BojnÅ«rd, Iran, Islamic Republic Of"
"BÄ«rjand, Iran, Islamic Republic Of"
"BÄneh, Iran, Islamic Republic Of"
"Bandar-e AnzalÄ«, Iran, Islamic Republic Of"
"Bandar Abbas, Iran, Islamic Republic Of"
"BÄbol, Iran, Islamic Republic Of"
"ArdabÄ«l, Iran, Islamic Republic Of"
"ArÄk, Iran, Islamic Republic Of"
"Ä€mol, Iran, Islamic Republic Of"
"Ahvaz, Iran, Islamic Republic Of"
"Abadan, Iran, Islamic Republic Of"
"ShÄhreáº•Ä, Iran, Islamic Republic Of"
"NajafÄbÄd, Iran, Islamic Republic Of"
"KhomeynÄ« Shahr, Iran, Islamic Republic Of"
"Isfahan, Iran, Islamic Republic Of"
"ZÄbol, Iran, Islamic Republic Of"
"Zahedan, Iran, Islamic Republic Of"
"Iranshahr, Iran, Islamic Republic Of"
"Pasragad Branch, Iran, Islamic Republic Of"
"ReykjavÃ­k, Iceland"
"Reggio Calabria, Italy"
"Palermo, Italy"
"Messina, Italy"
"Catania, Italy"
"Cagliari, Italy"
"Vicenza, Italy"
"Verona, Italy"
"Trieste, Italy"
"Turin, Italy"
"Taranto, Italy"
"Salerno, Italy"
"Rome, Italy"
"Rimini, Italy"
"Reggio nell'Emilia, Italy"
"Prato, Italy"
"Pescara, Italy"
"Perugia, Italy"
"Parma, Italy"
"Padova, Italy"
"Naples, Italy"
"Monza, Italy"
"Modena, Italy"
"Milan, Italy"
"Mestre, Italy"
"Livorno, Italy"
"Genoa, Italy"
"Foggia, Italy"
"Florence, Italy"
"Brescia, Italy"
"Bologna, Italy"
"Bergamo, Italy"
"Bari, Italy"
"Acilia-Castel Fusano-Ostia Antica, Italy"
"Spanish Town, Jamaica"
"Portmore, Jamaica"
"New Kingston, Jamaica"
"Kingston, Jamaica"
"WÄdÄ« as SÄ«r, Jordan"
"Irbid, Jordan"
"Zarqa, Jordan"
"Amman, Jordan"
"â€˜AjlÅ«n, Jordan"
"Russeifa, Jordan"
"Atsugi, Japan"
"Akashi, Japan"
"Zama, Japan"
"Yono, Japan"
"Yonago, Japan"
"Yokosuka, Japan"
"Yokohama, Japan"
"Yokkaichi, Japan"
"Honmachi, Japan"
"Yao, Japan"
"Yamaguchi, Japan"
"Yaizu, Japan"
"Utsunomiya, Japan"
"Urayasu, Japan"
"Uji, Japan"
"Ueda, Japan"
"Ube, Japan"
"Tsu, Japan"
"Toyota, Japan"
"Toyonaka, Japan"
"Toyokawa, Japan"
"Toyohashi, Japan"
"Toyama, Japan"
"Tottori, Japan"
"TondabayashichÅ, Japan"
"Tokyo, Japan"
"Tokuyama, Japan"
"Tokushima, Japan"
"Tokorozawa, Japan"
"Nishi-Tokyo-shi, Japan"
"Takatsuki, Japan"
"Takasaki, Japan"
"Takarazuka, Japan"
"Takaoka, Japan"
"Takamatsu, Japan"
"Tajimi, Japan"
"Suzuka, Japan"
"Suita, Japan"
"SÅka, Japan"
"Shizuoka, Japan"
"Shimonoseki, Japan"
"Minato, Japan"
"Seto, Japan"
"Sasebo, Japan"
"SandachÅ, Japan"
"Sakata, Japan"
"Sakai, Japan"
"Saga, Japan"
"Oyama, Japan"
"ÅŒtsu, Japan"
"ÅŒta, Japan"
"Osaka, Japan"
"ÅŒmuta, Japan"
"ÅŒme, Japan"
"Okazaki, Japan"
"Okayama, Japan"
"ÅŒita, Japan"
"ÅŒgaki, Japan"
"Odawara, Japan"
"Numazu, Japan"
"Noda, Japan"
"Nobeoka, Japan"
"Nishio, Japan"
"Nishinomiya-hama, Japan"
"Niihama, Japan"
"Niigata, Japan"
"Nara-shi, Japan"
"Naha, Japan"
"Nagoya, Japan"
"Nagasaki, Japan"
"Nagareyama, Japan"
"Nagaoka, Japan"
"Nagano, Japan"
"Musashino, Japan"
"Moriguchi, Japan"
"Miyazaki, Japan"
"MiyakonojÅ, Japan"
"Mitaka-shi, Japan"
"Mishima, Japan"
"Mino, Japan"
"Minamirinkan, Japan"
"Matsumoto, Japan"
"Matsue, Japan"
"Matsudo, Japan"
"Matsubara, Japan"
"Maebashi, Japan"
"Machida, Japan"
"Kyoto, Japan"
"Kusatsu, Japan"
"Kurume, Japan"
"Kure, Japan"
"Kurashiki, Japan"
"Kumamoto, Japan"
"Kumagaya, Japan"
"Koshigaya, Japan"
"KÅnan, Japan"
"Komatsu, Japan"
"Komaki, Japan"
"Kokubunji, Japan"
"KÅfu, Japan"
"Kochi, Japan"
"Kobe, Japan"
"Kitakyushu, Japan"
"Kishiwada, Japan"
"Kisarazu, Japan"
"KiryÅ«, Japan"
"Kawasaki, Japan"
"Kawanishi, Japan"
"Kawaguchi, Japan"
"Kawagoe, Japan"
"Kasukabe, Japan"
"Kasugai, Japan"
"Kashiwa, Japan"
"Kashihara-shi, Japan"
"Kariya, Japan"
"Kanazawa, Japan"
"Kamirenjaku, Japan"
"Kamakura, Japan"
"KakogawachÅ-honmachi, Japan"
"Kakamigahara, Japan"
"Kagoshima, Japan"
"Kadoma, Japan"
"Izumi, Japan"
"Iwatsuki, Japan"
"Iwakuni, Japan"
"Itami, Japan"
"Isesaki, Japan"
"Isehara, Japan"
"Inazawa, Japan"
"Ikoma, Japan"
"Iida, Japan"
"Ichinomiya, Japan"
"Ibaraki, Japan"
"HÅfu, Japan"
"Hiroshima, Japan"
"Hiratsuka, Japan"
"Hirakata, Japan"
"Hino, Japan"
"Himeji, Japan"
"Hikone, Japan"
"Handa, Japan"
"Hamamatsu, Japan"
"Hadano, Japan"
"HachiÅji, Japan"
"Gifu-shi, Japan"
"HonchÅ, Japan"
"Fukuyama, Japan"
"Fukuoka, Japan"
"Fukui-shi, Japan"
"FukayachÅ, Japan"
"Fujisawa, Japan"
"Fujinomiya, Japan"
"Fujieda, Japan"
"Fuji, Japan"
"DaitÅchÅ, Japan"
"ChÅfugaoka, Japan"
"Chikushino-shi, Japan"
"Chigasaki, Japan"
"Beppu, Japan"
"Ashikaga, Japan"
"AnjÅ, Japan"
"Amagasaki, Japan"
"Ageoshimo, Japan"
"Okinawa, Japan"
"Sayama, Japan"
"Asaka, Japan"
"Shimotoda, Japan"
"Wakayama, Japan"
"Matsuyama, Japan"
"Yamagata, Japan"
"Tsukuba, Japan"
"Sendai, Japan"
"Sakura, Japan"
"Narita, Japan"
"Morioka, Japan"
"Mito, Japan"
"KÅriyama, Japan"
"Katsuta, Japan"
"Iwaki, Japan"
"Ishinomaki, Japan"
"Ichihara, Japan"
"Hitachi, Japan"
"Fukushima, Japan"
"Chiba, Japan"
"Akita, Japan"
"Abiko, Japan"
"Akita, Japan"
"Tomakomai, Japan"
"Sapporo, Japan"
"Otaru, Japan"
"Obihiro, Japan"
"Kushiro, Japan"
"Kitami, Japan"
"Hirosaki, Japan"
"Hakodate, Japan"
"Hachinohe, Japan"
"Ebetsu, Japan"
"Asahikawa, Japan"
"Aomorishi, Japan"
"Neyagawa, Japan"
"Hitachi-Naka, Japan"
"JÅetsu, Japan"
"Saitama, Japan"
"Higashimurayama-shi, Japan"
"Thika, Kenya"
"Nakuru, Kenya"
"Nairobi, Kenya"
"Mombasa, Kenya"
"Malindi, Kenya"
"Kisumu, Kenya"
"Eldoret, Kenya"
"Osh, Kyrgyzstan"
"Bishkek, Kyrgyzstan"
"Phnom Penh, Cambodia"
"Takeo, Cambodia"
"Siem Reap, Cambodia"
"Sihanoukville, Cambodia"
"Battambang, Cambodia"
"WÅnsan, "
"Songnim, "
"SariwÅn, "
"Pyongyang, "
"Pâ€™yÅngsÅng, "
"Nampâ€™o, "
"KaesÅng, "
"HÅ­ngnam, "
"HamhÅ­ng, "
"Haeju, "
"SinÅ­iju, "
"Kanggye, "
"Hyesan, "
"Chongjin, "
"Yangju, Korea"
"WÅnju, Korea"
"Ulsan, Korea"
"Uijeongbu-si, Korea"
"Daejeon, Korea"
"Daegu, Korea"
"Suwon, Korea"
"Suncheon, Korea"
"Seoul, Korea"
"Busan, Korea"
"Bucheon-si, Korea"
"Pohang, Korea"
"Osan, Korea"
"Moppo, Korea"
"Masan, Korea"
"Gyeongsan-si, Korea"
"Kyonju, Korea"
"Gwangju, Korea"
"Guri-si, Korea"
"Gunsan, Korea"
"Gumi, Korea"
"Goyang-si, Korea"
"Kimhae, Korea"
"Gimcheon, Korea"
"Kang-neung, Korea"
"Iksan, Korea"
"Incheon, Korea"
"Icheon-si, Korea"
"Hwaseong-si, Korea"
"Chuncheon, Korea"
"Jeonju, Korea"
"Cheongju-si, Korea"
"Cheonan, Korea"
"Chinju, Korea"
"Jeju City, Korea"
"Changwon, Korea"
"Anyang-si, Korea"
"Ansan-si, Korea"
"Andong, Korea"
"Yeosu, Korea"
"Tonghae, Korea"
"Seongnam-si, Korea"
"Hanam, Korea"
"Hwado, Korea"
"KwangmyÅng, Korea"
"Seogwipo, Korea"
"Sejong, Korea"
"á¸¨awallÄ«, Kuwait"
"As SÄlimÄ«yah, Kuwait"
"Al Aá¸©madÄ«, Kuwait"
"ÅžabÄá¸© as SÄlim, Kuwait"
"Zhanaozen, Kazakhstan"
"Oral, Kazakhstan"
"Karagandy, Kazakhstan"
"Atyrau, Kazakhstan"
"AqtÃ¶be, Kazakhstan"
"Aktau, Kazakhstan"
"Zhezqazghan, Kazakhstan"
"Taraz, Kazakhstan"
"Temirtau, Kazakhstan"
"Taldykorgan, Kazakhstan"
"Taldyqorghan, Kazakhstan"
"Shymkent, Kazakhstan"
"Semey, Kazakhstan"
"Rudnyy, Kazakhstan"
"Kyzylorda, Kazakhstan"
"Kostanay, Kazakhstan"
"Petropavl, Kazakhstan"
"Pavlodar, Kazakhstan"
"Ust-Kamenogorsk, Kazakhstan"
"Kokshetau, Kazakhstan"
"Ekibastuz, Kazakhstan"
"Astana, Kazakhstan"
"Almaty, Kazakhstan"
"Kyzyl-Orda, Kazakhstan"
"Vientiane, Lao People's Democratic Republic"
"Tripoli, Lebanon"
"Tyre, Lebanon"
"Sidon, Lebanon"
"Raâ€™s BayrÅ«t, Lebanon"
"Beirut, Lebanon"
"NabatÃ®yÃ© et Tahta, Lebanon"
"Trincomalee, Sri Lanka"
"Pita Kotte, Sri Lanka"
"Negombo, Sri Lanka"
"Dehiwala-Mount Lavinia, Sri Lanka"
"Moratuwa, Sri Lanka"
"Sri Jayewardenepura Kotte, Sri Lanka"
"Kandy, Sri Lanka"
"Kalmunai, Sri Lanka"
"Jaffna, Sri Lanka"
"Galkissa, Sri Lanka"
"Colombo, Sri Lanka"
"Mount Lavinia, Sri Lanka"
"Monrovia, Liberia"
"Maseru, Lesotho"
"Vilnius, Lithuania"
"Å iauliai, Lithuania"
"PanevÄ—Å¾ys, Lithuania"
"KlaipÄ—da, Lithuania"
"Kaunas, Lithuania"
"Riga, Latvia"
"Daugavpils, Latvia"
"Tobruk, Libyan Arab Jamahiriya"
"Benghazi, Libyan Arab Jamahiriya"
"Ajdabiya, Libyan Arab Jamahiriya"
"Zliten, Libyan Arab Jamahiriya"
"Tarhuna, Libyan Arab Jamahiriya"
"Tripoli, Libyan Arab Jamahiriya"
"Tagiura, Libyan Arab Jamahiriya"
"Sirte, Libyan Arab Jamahiriya"
"ÅžabrÄtah, Libyan Arab Jamahiriya"
"SabhÄ, Libyan Arab Jamahiriya"
"MisrÄtah, Libyan Arab Jamahiriya"
"Zawiya, Libyan Arab Jamahiriya"
"Az ZÄwÄ«yah, Libyan Arab Jamahiriya"
"Al Khums, Libyan Arab Jamahiriya"
"Al JadÄ«d, Libyan Arab Jamahiriya"
"TÃ©touan, Morocco"
"Taza, Morocco"
"Tangier, Morocco"
"Settat, Morocco"
"Sale, Morocco"
"Safi, Morocco"
"Rabat, Morocco"
"Oujda-Angad, Morocco"
"Nador, Morocco"
"Mohammedia, Morocco"
"MeknÃ¨s, Morocco"
"Marrakesh, Morocco"
"Larache, Morocco"
"Ksar El Kebir, Morocco"
"Khouribga, Morocco"
"Kenitra, Morocco"
"FÃ¨s al Bali, Morocco"
"FÃ¨s, Morocco"
"El Jadid, Morocco"
"Casablanca, Morocco"
"Beni Mellal, Morocco"
"Khemisset, Morocco"
"Al HoceÃ¯ma, Morocco"
"Agadir, Morocco"
"Tiraspolul, Moldova"
"Chisinau, Moldova"
"Bender, Moldova"
"BÄƒlÅ£i, Moldova"
"Podgorica, Montenegro"
"Toamasina, Madagascar"
"Toliara, Madagascar"
"Mahajanga, Madagascar"
"Fianarantsoa, Madagascar"
"Antsirabe, Madagascar"
"Antananarivo, Madagascar"
"Skopje, Macedonia"
"Sikasso, Mali"
"Mopti, Mali"
"Bamako, Mali"
"Yenangyaung, Myanmar"
"Taungoo, Myanmar"
"Thaton, Myanmar"
"Dawei, Myanmar"
"Taunggyi, Myanmar"
"Sittwe, Myanmar"
"Yangon, Myanmar"
"Pyay, Myanmar"
"Bago, Myanmar"
"Pakokku, Myanmar"
"Myingyan, Myanmar"
"Mawlamyine, Myanmar"
"Monywa, Myanmar"
"Myeik, Myanmar"
"Meiktila, Myanmar"
"Pyin Oo Lwin, Myanmar"
"Mandalay, Myanmar"
"Lashio, Myanmar"
"Hinthada, Myanmar"
"Pathein, Myanmar"
"Nay Pyi Taw, Myanmar"
"Ulan Bator, Mongolia"
"Macau, Macao"
"Nouakchott, Mauritania"
"Vacoas, Mauritius"
"Port Louis, Mauritius"
"Beau Bassin, Mauritius"
"Male, Maldives"
"Mzuzu, Malawi"
"Lilongwe, Malawi"
"Blantyre, Malawi"
"Xochimilco, Mexico"
"San Miguel Xico Viejo, Mexico"
"Ãlvaro ObregÃ³n, Mexico"
"Villahermosa, Mexico"
"Gustavo A. Madero, Mexico"
"Veracruz, Mexico"
"Tuxtla, Mexico"
"TÃºxpam de RodrÃ­guez Cano, Mexico"
"Tulancingo, Mexico"
"Toluca, Mexico"
"Tlalpan, Mexico"
"Tlalnepantla, Mexico"
"Tlahuac, Mexico"
"Texcoco, Mexico"
"CuautitlÃ¡n Izcalli, Mexico"
"Temapache, Mexico"
"TehuacÃ¡n, Mexico"
"Tapachula, Mexico"
"Tantoyuca, Mexico"
"Tampico, Mexico"
"Santa MarÃ­a ChimalhuacÃ¡n, Mexico"
"San Pablo de las Salinas, Mexico"
"San Juan del RÃ­o, Mexico"
"San CristÃ³bal de las Casas, Mexico"
"Reynosa, Mexico"
"Puebla, Mexico"
"Poza Rica de Hidalgo, Mexico"
"Playa del Carmen, Mexico"
"Pachuca de Soto, Mexico"
"Orizaba, Mexico"
"Oaxaca, Mexico"
"Nuevo Laredo, Mexico"
"NicolÃ¡s Romero, Mexico"
"Naucalpan de JuÃ¡rez, Mexico"
"MinatitlÃ¡n, Mexico"
"Milpa Alta, Mexico"
"Metepec, Mexico"
"MÃ©rida, Mexico"
"Heroica Matamoros, Mexico"
"MartÃ­nez de la Torre, Mexico"
"Magdalena Contreras, Mexico"
"Los Reyes Acaquilpan, Mexico"
"Las Margaritas, Mexico"
"Jiutepec, Mexico"
"Xalapa de EnrÃ­quez, Mexico"
"Ixtapaluca, Mexico"
"Iztapalapa, Mexico"
"Iztacalco, Mexico"
"Iguala de la Independencia, Mexico"
"Ecatepec, Mexico"
"Cuernavaca, Mexico"
"Cuautla, Mexico"
"Cuajimalpa, Mexico"
"CoyoacÃ¡n, Mexico"
"CÃ³rdoba, Mexico"
"Coatzacoalcos, Mexico"
"Coacalco, Mexico"
"Ciudad Victoria, Mexico"
"Ciudad Valles, Mexico"
"Ciudad Nezahualcoyotl, Mexico"
"Ciudad Madero, Mexico"
"Mexico City, Mexico"
"Ciudad del Carmen, Mexico"
"Cholula, Mexico"
"Chilpancingo, Mexico"
"Chetumal, Mexico"
"Chalco, Mexico"
"CancÃºn, Mexico"
"Campeche, Mexico"
"Azcapotzalco, Mexico"
"Adolfo LÃ³pez Mateos, Mexico"
"Acapulco de JuÃ¡rez, Mexico"
"Tampico, Mexico"
"Benito Juarez, Mexico"
"Venustiano Carranza, Mexico"
"Miguel Hidalgo, Mexico"
"CuauhtÃ©moc, Mexico"
"Huixquilucan, Mexico"
"Ojo de Agua, Mexico"
"Buenavista, Mexico"
"Zapopan, Mexico"
"Zamora, Mexico"
"Zacatecas, Mexico"
"Ciudad de Villa de Ãlvarez, Mexico"
"Uruapan, Mexico"
"Torreon, Mexico"
"TonalÃ¡, Mexico"
"Tlaquepaque, Mexico"
"Tijuana, Mexico"
"Tepic, Mexico"
"Soledad de Graciano SÃ¡nchez, Mexico"
"Santa Catarina, Mexico"
"San NicolÃ¡s de los Garza, Mexico"
"San Luis RÃ­o Colorado, Mexico"
"San Luis PotosÃ­, Mexico"
"Saltillo, Mexico"
"Salamanca, Mexico"
"Santiago de QuerÃ©taro, Mexico"
"Puerto Vallarta, Mexico"
"Piedras Negras, Mexico"
"Navojoa, Mexico"
"Morelia, Mexico"
"Monterrey, Mexico"
"Monclova, Mexico"
"Mexicali, Mexico"
"MazatlÃ¡n, Mexico"
"Matamoros, Mexico"
"Manzanillo, Mexico"
"Los Mochis, Mexico"
"LeÃ³n de los Aldama, Mexico"
"La Paz, Mexico"
"Irapuato, Mexico"
"Parral, Mexico"
"Nogales, Mexico"
"Hermosillo, Mexico"
"Heroica Guaymas, Mexico"
"Guadalupe, Mexico"
"Guadalajara, Mexico"
"Gomez Palacio, Mexico"
"Ciudad General Escobedo, Mexico"
"Garza GarcÃ­a, Mexico"
"Fresnillo, Mexico"
"Ensenada, Mexico"
"Victoria de Durango, Mexico"
"CuliacÃ¡n, Mexico"
"Colima, Mexico"
"Ciudad ObregÃ³n, Mexico"
"Ciudad JuÃ¡rez, Mexico"
"Ciudad GuzmÃ¡n, Mexico"
"Ciudad Delicias, Mexico"
"Ciudad AcuÃ±a, Mexico"
"Chihuahua, Mexico"
"Celaya, Mexico"
"Ciudad Apodaca, Mexico"
"Aguascalientes, Mexico"
"Colonia del Valle, Mexico"
"Colonia Lindavista, Mexico"
"San Pedro Garza Garcia, Mexico"
"Soledad de Graciano SÃ¡nchez, Mexico"
"Manzanillo, Mexico"
"Naucalpan de JuÃ¡rez, Mexico"
"Batu Pahat, Malaysia"
"Kampung Pasir Gudang Baru, Malaysia"
"Skudai, Malaysia"
"Johor Bahru, Malaysia"
"Kluang, Malaysia"
"Muar, Malaysia"
"Shah Alam, Malaysia"
"Klang, Malaysia"
"Kota Kinabalu, Malaysia"
"Lahad Datu, Malaysia"
"Sandakan, Malaysia"
"Tawau, Malaysia"
"Kulim, Malaysia"
"Taiping, Malaysia"
"Ipoh, Malaysia"
"Kuala Terengganu, Malaysia"
"Malacca, Malaysia"
"Seremban, Malaysia"
"Sepang, Malaysia"
"Butterworth, Malaysia"
"Bukit Mertajam, Malaysia"
"Tasek Glugor, Malaysia"
"George Town, Malaysia"
"Rawang, Malaysia"
"Petaling Jaya, Malaysia"
"Kuala Lumpur, Malaysia"
"Kuantan, Malaysia"
"Sungai Petani, Malaysia"
"Kuching, Malaysia"
"Sibu, Malaysia"
"Alor Setar, Malaysia"
"Kota Bharu, Malaysia"
"Bintulu, Malaysia"
"Miri, Malaysia"
"Kampung Sungai Ara, Malaysia"
"Kampung Baru Subang, Malaysia"
"Subang Jaya, Malaysia"
"Xai-Xai, Mozambique"
"Tete, Mozambique"
"Ressano Garcia, Mozambique"
"Quelimane, Mozambique"
"Pemba, Mozambique"
"Nampula, Mozambique"
"Nacala, Mozambique"
"Maxixe, Mozambique"
"Matola, Mozambique"
"Maputo, Mozambique"
"Lichinga, Mozambique"
"Chimoio, Mozambique"
"Beira, Mozambique"
"Windhoek, Namibia"
"Zinder, Niger"
"Niamey, Niger"
"Maradi, Niger"
"Agadez, Niger"
"Zaria, Nigeria"
"Warri, Nigeria"
"Uyo, Nigeria"
"Uromi, Nigeria"
"Umuahia, Nigeria"
"Ugep, Nigeria"
"Suleja, Nigeria"
"Sokoto, Nigeria"
"Saki, Nigeria"
"Shagamu, Nigeria"
"Sapele, Nigeria"
"Port Harcourt, Nigeria"
"Pindiga, Nigeria"
"Oyo, Nigeria"
"Owo, Nigeria"
"Owerri, Nigeria"
"Osogbo, Nigeria"
"Onitsha, Nigeria"
"Ondo, Nigeria"
"Okrika, Nigeria"
"Okigwe, Nigeria"
"Okene, Nigeria"
"Offa, Nigeria"
"Nsukka, Nigeria"
"Nnewi, Nigeria"
"Nkpor, Nigeria"
"Nguru, Nigeria"
"Mubi, Nigeria"
"Modakeke, Nigeria"
"Minna, Nigeria"
"Makurdi, Nigeria"
"Maiduguri, Nigeria"
"Lagos, Nigeria"
"Lafiagi, Nigeria"
"Lafia, Nigeria"
"Kisi, Nigeria"
"Katsina, Nigeria"
"Kano, Nigeria"
"Kaduna, Nigeria"
"Jos, Nigeria"
"Jimeta, Nigeria"
"Jalingo, Nigeria"
"Iwo, Nigeria"
"Ise-Ekiti, Nigeria"
"Inisa, Nigeria"
"Ilorin, Nigeria"
"Ilobu, Nigeria"
"Ilesa, Nigeria"
"Ila Orangun, Nigeria"
"Ikot Ekpene, Nigeria"
"Ikirun, Nigeria"
"Ikire, Nigeria"
"Ikere-Ekiti, Nigeria"
"Ikeja, Nigeria"
"Ijero-Ekiti, Nigeria"
"Ijebu-Ode, Nigeria"
"Ijebu-Igbo, Nigeria"
"Igboho, Nigeria"
"Ibadan, Nigeria"
"Hadejia, Nigeria"
"Gusau, Nigeria"
"Gombe, Nigeria"
"Gbongan, Nigeria"
"Gashua, Nigeria"
"Funtua, Nigeria"
"Esuk Oron, Nigeria"
"Enugu, Nigeria"
"Ejigbo, Nigeria"
"Efon-Alaaye, Nigeria"
"Ebute Ikorodu, Nigeria"
"Calabar, Nigeria"
"Buguma, Nigeria"
"Birnin Kebbi, Nigeria"
"Bida, Nigeria"
"Benin City, Nigeria"
"Bauchi, Nigeria"
"Bama, Nigeria"
"Azare, Nigeria"
"Awka, Nigeria"
"Amaigbo, Nigeria"
"Akure, Nigeria"
"Ado-Ekiti, Nigeria"
"Abuja, Nigeria"
"Abeokuta, Nigeria"
"Abakaliki, Nigeria"
"Aba, Nigeria"
"Tipitapa, Nicaragua"
"Matagalpa, Nicaragua"
"Masaya, Nicaragua"
"Managua, Nicaragua"
"LeÃ³n, Nicaragua"
"Chinandega, Nicaragua"
"Zwolle, Netherlands"
"Zoetermeer, Netherlands"
"Zaanstad, Netherlands"
"Utrecht, Netherlands"
"Tilburg, Netherlands"
"'s-Hertogenbosch, Netherlands"
"The Hague, Netherlands"
"Rotterdam, Netherlands"
"Nijmegen, Netherlands"
"Maastricht, Netherlands"
"Leiden, Netherlands"
"Hoofddorp, Netherlands"
"Haarlem, Netherlands"
"Groningen, Netherlands"
"Enschede, Netherlands"
"Eindhoven, Netherlands"
"Dordrecht, Netherlands"
"Breda, Netherlands"
"Arnhem, Netherlands"
"Apeldoorn, Netherlands"
"Amsterdam, Netherlands"
"Amersfoort, Netherlands"
"Almere Stad, Netherlands"
"Trondheim, Norway"
"Stavanger, Norway"
"Oslo, Norway"
"Bergen, Norway"
"Pokhara, Nepal"
"PÄtan, Nepal"
"Kathmandu, Nepal"
"DharÄn BÄzÄr, Nepal"
"BÄ«rganj, Nepal"
"Biratnagar, Nepal"
"Bharatpur, Nepal"
"Wellington, New Zealand"
"North Shore, New Zealand"
"Manukau City, New Zealand"
"Lower Hutt, New Zealand"
"Hamilton, New Zealand"
"Dunedin, New Zealand"
"Christchurch, New Zealand"
"Auckland, New Zealand"
"Tauranga, New Zealand"
"Waitakere, New Zealand"
"Sohar, Oman"
"ÅžalÄlah, Oman"
"Muscat, Oman"
"â€˜IbrÄ«, Oman"
"Bawshar, Oman"
"As Suwayq, Oman"
"Seeb, Oman"
"San Miguelito, Panama"
"PanamÃ¡, Panama"
"Tumbes, Peru"
"Trujillo, Peru"
"Sullana, Peru"
"Pucallpa, Peru"
"Piura, Peru"
"Iquitos, Peru"
"HuÃ¡nuco, Peru"
"Chimbote, Peru"
"Chiclayo, Peru"
"Cajamarca, Peru"
"Tacna, Peru"
"Santiago de Surco, Peru"
"Puno, Peru"
"Lima, Peru"
"Juliaca, Peru"
"Ica, Peru"
"Huancayo, Peru"
"Cusco, Peru"
"Chincha Alta, Peru"
"Callao, Peru"
"Ayacucho, Peru"
"Arequipa, Peru"
"Port Moresby, Papua New Guinea"
"Zamboanga, Philippines"
"Urdaneta, Philippines"
"Tuguegarao, Philippines"
"Toledo, Philippines"
"Taytay, Philippines"
"Tarlac City, Philippines"
"Tanza, Philippines"
"Talisay, Philippines"
"Magugpo, Philippines"
"Taguig, Philippines"
"Silang, Philippines"
"Santol, Philippines"
"Santiago, Philippines"
"Santa Rosa, Philippines"
"Santa Cruz, Philippines"
"San Pedro, Philippines"
"San Pablo, Philippines"
"San Mateo, Philippines"
"San Juan, Philippines"
"San Jose del Monte, Philippines"
"San Jose, Philippines"
"San Fernando, Philippines"
"Roxas City, Philippines"
"Quezon City, Philippines"
"Pulong Santa Cruz, Philippines"
"Puerto Princesa, Philippines"
"Panalanoy, Philippines"
"Pagadian, Philippines"
"Ormoc, Philippines"
"Olongapo, Philippines"
"Naga, Philippines"
"Muricay, Philippines"
"Rodriguez, Philippines"
"Meycauayan, Philippines"
"Mati, Philippines"
"Marawi City, Philippines"
"Mantampay, Philippines"
"Mansilingan, Philippines"
"Manila, Philippines"
"Mandaue City, Philippines"
"Mandaluyong City, Philippines"
"Malolos, Philippines"
"Makati City, Philippines"
"Mabalacat City, Philippines"
"Lucena, Philippines"
"Lipa City, Philippines"
"Libertad, Philippines"
"Legaspi, Philippines"
"Lapu-Lapu City, Philippines"
"Laoag, Philippines"
"Koronadal, Philippines"
"Kabankalan, Philippines"
"Jolo, Philippines"
"Imus, Philippines"
"Iloilo, Philippines"
"Iligan City, Philippines"
"Hagonoy, Philippines"
"Guyong, Philippines"
"General Santos, Philippines"
"Dumaguete, Philippines"
"Digos, Philippines"
"Davao, Philippines"
"DasmariÃ±as, Philippines"
"Cotabato, Philippines"
"Cebu City, Philippines"
"Cavite City, Philippines"
"Calamba, Philippines"
"Cainta, Philippines"
"Cagayan de Oro, Philippines"
"Cadiz, Philippines"
"Cabanatuan City, Philippines"
"Butuan, Philippines"
"Bulaon, Philippines"
"Budta, Philippines"
"Binangonan, Philippines"
"Batangas, Philippines"
"Baliuag, Philippines"
"Baguio, Philippines"
"Bago City, Philippines"
"Bacoor, Philippines"
"Bacolod City, Philippines"
"Antipolo, Philippines"
"Angeles City, Philippines"
"Malingao, Philippines"
"Pasig City, Philippines"
"Khairpur, Pakistan"
"WazÄ«rÄbÄd, Pakistan"
"VihÄri, Pakistan"
"Tando AllÄhyÄr, Pakistan"
"Tando Ä€dam, Pakistan"
"Sukkur, Pakistan"
"Sialkot, Pakistan"
"ShikÄrpur, Pakistan"
"Sheikhupura, Pakistan"
"Shahkot, Pakistan"
"Sargodha, Pakistan"
"Sahiwal, Pakistan"
"SÄdiqÄbÄd, Pakistan"
"Rawalpindi, Pakistan"
"Quetta, Pakistan"
"Peshawar, Pakistan"
"PÄkpattan, Pakistan"
"OkÄra, Pakistan"
"NawÄbshÄh, Pakistan"
"Muzaffargarh, Pakistan"
"MuzaffarÄbÄd, Pakistan"
"MurÄ«dke, Pakistan"
"MultÄn, Pakistan"
"Mirpur Khas, Pakistan"
"Mingora, Pakistan"
"Mardan, Pakistan"
"Mandi BahÄuddÄ«n, Pakistan"
"MalÄ«r Cantonment, Pakistan"
"LÄrkÄna, Pakistan"
"Lahore, Pakistan"
"Kotli, Pakistan"
"Kot Addu, Pakistan"
"KohÄt, Pakistan"
"KhuzdÄr, Pakistan"
"KhushÄb, Pakistan"
"KhÄnpur, Pakistan"
"Kasur, Pakistan"
"Karachi, Pakistan"
"KÄmoke, Pakistan"
"KamÄlia, Pakistan"
"Jhelum, Pakistan"
"Jhang Sadr, Pakistan"
"JarÄnwÄla, Pakistan"
"JacobÄbÄd, Pakistan"
"Islamabad, Pakistan"
"Hyderabad, Pakistan"
"HÄfizÄbÄd, Pakistan"
"GujrÄt, Pakistan"
"GujrÄnwÄla, Pakistan"
"Gojra, Pakistan"
"FaisalÄbÄd, Pakistan"
"Dera IsmÄÄ«l KhÄn, Pakistan"
"Dera Ghazi Khan, Pakistan"
"Daska KalÄn, Pakistan"
"Dadu, Pakistan"
"ChishtiÄn, Pakistan"
"Chiniot, Pakistan"
"ChakwÄl, Pakistan"
"BÅ«rewÄla, Pakistan"
"Bhimbar, Pakistan"
"Battagram, Pakistan"
"BahÄwalpur, Pakistan"
"BahÄwalnagar, Pakistan"
"Ahmadpur East, Pakistan"
"AbbottÄbÄd, Pakistan"
"BahÄwalnagar, Pakistan"
"Wola, Poland"
"Warsaw, Poland"
"TarnÃ³w, Poland"
"TargÃ³wek, Poland"
"ÅšrÃ³dmieÅ›cie, Poland"
"RzeszÃ³w, Poland"
"Radom, Poland"
"Olsztyn, Poland"
"MokotÃ³w, Poland"
"Lublin, Poland"
"Kielce, Poland"
"Bielany, Poland"
"BiaÅ‚ystok, Poland"
"Bemowo, Poland"
"Zielona GÃ³ra, Poland"
"Zabrze, Poland"
"WrocÅ‚aw, Poland"
"WÅ‚ocÅ‚awek, Poland"
"WaÅ‚brzych, Poland"
"Tychy, Poland"
"ToruÅ„, Poland"
"Szczecin, Poland"
"Sosnowiec, Poland"
"Rybnik, Poland"
"Ruda ÅšlÄ…ska, Poland"
"PoznaÅ„, Poland"
"PÅ‚ock, Poland"
"Opole, Poland"
"ÅÃ³dÅº, Poland"
"Legnica, Poland"
"KrakÃ³w, Poland"
"Koszalin, Poland"
"Katowice, Poland"
"Kalisz, Poland"
"GorzÃ³w Wielkopolski, Poland"
"Gliwice, Poland"
"Gdynia, Poland"
"GdaÅ„sk, Poland"
"ElblÄ…g, Poland"
"DÄ…browa GÃ³rnicza, Poland"
"CzÄ™stochowa, Poland"
"ChorzÃ³w, Poland"
"Bytom, Poland"
"Bydgoszcz, Poland"
"Bielsko-Biala, Poland"
"UrsynÃ³w, Poland"
"Praga PoÅ‚udnie, Poland"
"BayamÃ³n, Puerto Rico"
"Carolina, Puerto Rico"
"Ponce, Puerto Rico"
"San Juan, Puerto Rico"
"Rafaá¸©, Palestinian Territory, Occupied"
"KhÄn YÅ«nis, Palestinian Territory, Occupied"
"JabÄlyÄ, Palestinian Territory, Occupied"
"Gaza, Palestinian Territory, Occupied"
"Nablus, Palestinian Territory, Occupied"
"Hebron, Palestinian Territory, Occupied"
"East Jerusalem, Palestinian Territory, Occupied"
"SetÃºbal, Portugal"
"Queluz, Portugal"
"Lisbon, Portugal"
"Funchal, Portugal"
"Amadora, Portugal"
"Porto, Portugal"
"Coimbra, Portugal"
"Braga, Portugal"
"San Lorenzo, Paraguay"
"LambarÃ©, Paraguay"
"Fernando de la Mora, Paraguay"
"Ciudad del Este, Paraguay"
"CapiatÃ¡, Paraguay"
"AsunciÃ³n, Paraguay"
"Ar RayyÄn, Qatar"
"Doha, Qatar"
"Saint-Denis, Reunion"
"TÃ¢rgu-Mures, Romania"
"Timisoara, Romania"
"Suceava, Romania"
"Sibiu, Romania"
"Satu Mare, Romania"
"RÃ¢mnicu VÃ¢lcea, Romania"
"Ploiesti, Romania"
"Pitesti, Romania"
"Piatra NeamÅ£, Romania"
"Oradea, Romania"
"Iasi, Romania"
"GalaÅ£i, Romania"
"Drobeta-Turnu Severin, Romania"
"Craiova, Romania"
"ConstanÅ£a, Romania"
"Cluj-Napoca, Romania"
"BuzÄƒu, Romania"
"Bucharest, Romania"
"Brasov, Romania"
"BrÄƒila, Romania"
"Botosani, Romania"
"Baia Mare, Romania"
"BacÄƒu, Romania"
"Arad, Romania"
"Baia Mare, Romania"
"Sector 1, Romania"
"Sector 2, Romania"
"Sector 3, Romania"
"Sector 4, Romania"
"Sector 5, Romania"
"Sector 6, Romania"
"Zemun, Serbia"
"NiÅ¡, Serbia"
"Kragujevac, Serbia"
"ÄŒaÄak, Serbia"
"Belgrade, Serbia"
"Subotica, Serbia"
"Novi Sad, Serbia"
"Zyuzino, Russian Federation"
"Zyablikovo, Russian Federation"
"Zlatoust, Russian Federation"
"Zhulebino, Russian Federation"
"Zheleznodorozhnyy, Russian Federation"
"Zelenograd, Russian Federation"
"Yoshkar-Ola, Russian Federation"
"Yelets, Russian Federation"
"Yasenevo, Russian Federation"
"Yaroslavl, Russian Federation"
"Vykhino-Zhulebino, Russian Federation"
"Voronezh, Russian Federation"
"Volzhskiy, Russian Federation"
"Vologda, Russian Federation"
"Volgograd, Russian Federation"
"Volgodonsk, Russian Federation"
"Vladimir, Russian Federation"
"Vladikavkaz, Russian Federation"
"Veshnyaki, Russian Federation"
"Velikiye Luki, Russian Federation"
"Ulyanovsk, Russian Federation"
"Ukhta, Russian Federation"
"Ufa, Russian Federation"
"Tver, Russian Federation"
"Tula, Russian Federation"
"TroparÃ«vo, Russian Federation"
"Tolâ€™yatti, Russian Federation"
"Tyoply Stan, Russian Federation"
"Tekstilâ€™shchiki, Russian Federation"
"Tambov, Russian Federation"
"Taganrog, Russian Federation"
"Taganskiy, Russian Federation"
"Syzranâ€™, Russian Federation"
"Syktyvkar, Russian Federation"
"Strogino, Russian Federation"
"Sterlitamak, Russian Federation"
"Stavropolâ€™, Russian Federation"
"Staryy Oskol, Russian Federation"
"Solntsevo, Russian Federation"
"Solikamsk, Russian Federation"
"Sochi, Russian Federation"
"Smolensk, Russian Federation"
"Shchukino, Russian Federation"
"Shchelkovo, Russian Federation"
"Shakhty, Russian Federation"
"Severodvinsk, Russian Federation"
"Severnyy, Russian Federation"
"Serpukhov, Russian Federation"
"Sergiyev Posad, Russian Federation"
"Saratov, Russian Federation"
"Saransk, Russian Federation"
"Saint Petersburg, Russian Federation"
"Samara, Russian Federation"
"Salavat, Russian Federation"
"Rybinsk, Russian Federation"
"Ryazanâ€™, Russian Federation"
"Rostov-na-Donu, Russian Federation"
"Ramenki, Russian Federation"
"Pyatigorsk, Russian Federation"
"Pushkino, Russian Federation"
"Pskov, Russian Federation"
"Podolsk, Russian Federation"
"Ryazanskiy, Russian Federation"
"Petrozavodsk, Russian Federation"
"Pervouralâ€™sk, Russian Federation"
"Perm, Russian Federation"
"Novo-Peredelkino, Russian Federation"
"Penza, Russian Federation"
"Orsk, Russian Federation"
"Orenburg, Russian Federation"
"OrÃ«l, Russian Federation"
"Orekhovo-Zuyevo, Russian Federation"
"Orekhovo-Borisovo Severnoye, Russian Federation"
"Oktyabrâ€™skiy, Russian Federation"
"Odintsovo, Russian Federation"
"Ochakovo-Matveyevskoye, Russian Federation"
"Obninsk, Russian Federation"
"Novyye Kuzâ€™minki, Russian Federation"
"Novyye CherÃ«mushki, Russian Federation"
"Novotroitsk, Russian Federation"
"Novorossiysk, Russian Federation"
"Novomoskovsk, Russian Federation"
"Novokuybyshevsk, Russian Federation"
"Novocherkassk, Russian Federation"
"Novocheboksarsk, Russian Federation"
"Velikiy Novgorod, Russian Federation"
"Noginsk, Russian Federation"
"Nizhniy Tagil, Russian Federation"
"Nizhniy Novgorod, Russian Federation"
"Nizhnekamsk, Russian Federation"
"Nevinnomyssk, Russian Federation"
"Neftekamsk, Russian Federation"
"Nazranâ€™, Russian Federation"
"Nalâ€™chik, Russian Federation"
"Naberezhnyye Chelny, Russian Federation"
"Mytishchi, Russian Federation"
"Murom, Russian Federation"
"Murmansk, Russian Federation"
"Moscow, Russian Federation"
"Maykop, Russian Federation"
"Marâ€™ino, Russian Federation"
"Makhachkala, Russian Federation"
"Magnitogorsk, Russian Federation"
"Lyublino, Russian Federation"
"Lyubertsy, Russian Federation"
"Lipetsk, Russian Federation"
"Tsaritsyno, Russian Federation"
"Kuzâ€™minki, Russian Federation"
"Kursk, Russian Federation"
"Krasnodar, Russian Federation"
"Presnenskiy, Russian Federation"
"Kovrov, Russian Federation"
"Kostroma, Russian Federation"
"Kolpino, Russian Federation"
"Kolomna, Russian Federation"
"Kislovodsk, Russian Federation"
"Kirov, Russian Federation"
"KhoroshÃ«vo-Mnevniki, Russian Federation"
"Khimki, Russian Federation"
"Khasavyurt, Russian Federation"
"Kazan, Russian Federation"
"Kamyshin, Russian Federation"
"Kaluga, Russian Federation"
"Korolev, Russian Federation"
"Kaliningrad, Russian Federation"
"Izmaylovo, Russian Federation"
"Izhevsk, Russian Federation"
"Ivanovskoye, Russian Federation"
"Ivanovo, Russian Federation"
"Groznyy, Russian Federation"
"Golâ€™yanovo, Russian Federation"
"Glazov, Russian Federation"
"Engelâ€™s, Russian Federation"
"Elista, Russian Federation"
"Elektrostalâ€™, Russian Federation"
"Dzerzhinsk, Russian Federation"
"Dimitrovgrad, Russian Federation"
"Derbent, Russian Federation"
"Cherkessk, Russian Federation"
"Cherepovets, Russian Federation"
"CherÃ«mushki, Russian Federation"
"Cheboksary, Russian Federation"
"Bryansk, Russian Federation"
"Brateyevo, Russian Federation"
"Bogorodskoye, Russian Federation"
"BiryulÃ«vo, Russian Federation"
"Bibirevo, Russian Federation"
"Berezniki, Russian Federation"
"Belgorod, Russian Federation"
"Bataysk, Russian Federation"
"Balashikha, Russian Federation"
"Balakovo, Russian Federation"
"Astrakhan, Russian Federation"
"Arzamas, Russian Federation"
"Armavir, Russian Federation"
"Arkhangelâ€™sk, Russian Federation"
"Alâ€™metâ€™yevsk, Russian Federation"
"Yekaterinburg, Russian Federation"
"Tyumen, Russian Federation"
"Tomsk, Russian Federation"
"Tobolâ€™sk, Russian Federation"
"Surgut, Russian Federation"
"Rubtsovsk, Russian Federation"
"Prokopâ€™yevsk, Russian Federation"
"Omsk, Russian Federation"
"Noyabrsk, Russian Federation"
"Novosibirsk, Russian Federation"
"Novokuznetsk, Russian Federation"
"Norilsk, Russian Federation"
"Nizhnevartovsk, Russian Federation"
"Nefteyugansk, Russian Federation"
"Miass, Russian Federation"
"Mezhdurechensk, Russian Federation"
"Leninsk-Kuznetsky, Russian Federation"
"Kyzyl, Russian Federation"
"Kurgan, Russian Federation"
"Krasnoyarsk, Russian Federation"
"KiselÃ«vsk, Russian Federation"
"Kemerovo, Russian Federation"
"Kansk, Russian Federation"
"Kamensk-Uralâ€™skiy, Russian Federation"
"Chelyabinsk, Russian Federation"
"Biysk, Russian Federation"
"Barnaul, Russian Federation"
"Achinsk, Russian Federation"
"Abakan, Russian Federation"
"Seversk, Russian Federation"
"Yakutsk, Russian Federation"
"Vladivostok, Russian Federation"
"Ustâ€™-Ilimsk, Russian Federation"
"Ussuriysk, Russian Federation"
"Ulan-Ude, Russian Federation"
"Nakhodka, Russian Federation"
"Komsomolsk-on-Amur, Russian Federation"
"Khabarovsk, Russian Federation"
"Irkutsk, Russian Federation"
"Chita, Russian Federation"
"Blagoveshchensk, Russian Federation"
"ArtÃ«m, Russian Federation"
"Angarsk, Russian Federation"
"Bratsk, Russian Federation"
"Khabarovsk Vtoroy, Russian Federation"
"Yuzhno-Sakhalinsk, Russian Federation"
"Petropavlovsk-Kamchatsky, Russian Federation"
"Chertanovo Yuzhnoye, Russian Federation"
"Orekhovo-Borisovo, Russian Federation"
"Petrogradka, Russian Federation"
"Vasyl'evsky Ostrov, Russian Federation"
"Kalininskiy, Russian Federation"
"Krasnogvargeisky, Russian Federation"
"Admiralteisky, Russian Federation"
"Akademicheskoe, Russian Federation"
"Centralniy, Russian Federation"
"Kigali, Rwanda"
"Yanbu, Saudi Arabia"
"Tabuk, Saudi Arabia"
"SulÅ£Änah, Saudi Arabia"
"Sakakah, Saudi Arabia"
"NajrÄn, Saudi Arabia"
"Mecca, Saudi Arabia"
"Khamis Mushait, Saudi Arabia"
"Jizan, Saudi Arabia"
"Jeddah, Saudi Arabia"
"Ha'il, Saudi Arabia"
"Buraydah, Saudi Arabia"
"Taâ€™if, Saudi Arabia"
"Riyadh, Saudi Arabia"
"Arar, Saudi Arabia"
"Qurayyat, Saudi Arabia"
"Al Mubarraz, Saudi Arabia"
"Medina, Saudi Arabia"
"Khobar, Saudi Arabia"
"Al Jubayl, Saudi Arabia"
"Al HufÅ«f, Saudi Arabia"
"Dammam, Saudi Arabia"
"Abha, Saudi Arabia"
"Unaizah, Saudi Arabia"
"Wad Medani, Sudan"
"Omdurman, Sudan"
"Singa, Sudan"
"Sinnar, Sudan"
"Rabak, Sudan"
"Kosti, Sudan"
"Kassala, Sudan"
"Port Sudan, Sudan"
"Atbara, Sudan"
"An NuhÅ«d, Sudan"
"El Obeid, Sudan"
"Al Qadarif, Sudan"
"Al ManÄqil, Sudan"
"Khartoum, Sudan"
"Geneina, Sudan"
"El Fasher, Sudan"
"El Daein, Sudan"
"Ed Damer, Sudan"
"Ad-Damazin, Sudan"
"VÃ¤sterÃ¥s, Sweden"
"Uppsala, Sweden"
"Stockholm, Sweden"
"Sollentuna, Sweden"
"SÃ¶dermalm, Sweden"
"Ã–rebro, Sweden"
"MalmÃ¶, Sweden"
"LinkÃ¶ping, Sweden"
"Helsingborg, Sweden"
"GÃ¶teborg, Sweden"
"Singapore, Singapore"
"Ljubljana, Slovenia"
"KoÅ¡ice, Slovakia"
"Bratislava, Slovakia"
"Kenema, Sierra Leone"
"Freetown, Sierra Leone"
"Bo, Sierra Leone"
"Ziguinchor, Senegal"
"Touba, Senegal"
"TiÃ©bo, Senegal"
"ThiÃ¨s Nones, Senegal"
"Saint-Louis, Senegal"
"Pikine, Senegal"
"Kaolack, Senegal"
"Dakar, Senegal"
"Mogadishu, Somalia"
"Marka, Somalia"
"Kismayo, Somalia"
"Jamaame, Somalia"
"Hargeysa, Somalia"
"Berbera, Somalia"
"Baidoa, Somalia"
"Paramaribo, Suriname"
"Wau, "
"Malakal, "
"Juba, "
"Soyapango, El Salvador"
"Santa Ana, El Salvador"
"San Salvador, El Salvador"
"San Miguel, El Salvador"
"Santa Tecla, El Salvador"
"Mejicanos, El Salvador"
"Apopa, El Salvador"
"Idlib, Syrian Arab Republic"
"Homs, Syrian Arab Republic"
"á¸¨amÄh, Syrian Arab Republic"
"Aleppo, Syrian Arab Republic"
"Douma, Syrian Arab Republic"
"Damascus, Syrian Arab Republic"
"Deir ez-Zor, Syrian Arab Republic"
"Ar Raqqah, Syrian Arab Republic"
"Latakia, Syrian Arab Republic"
"Al BÄb, Syrian Arab Republic"
"Manzini, Swaziland"
"Sarh, Chad"
"N'Djamena, Chad"
"Moundou, Chad"
"SokodÃ©, Togo"
"LomÃ©, Togo"
"Kara, Togo"
"Surat Thani, Thailand"
"Nakhon Si Thammarat, Thailand"
"Lampang, Thailand"
"Chiang Mai, Thailand"
"Udon Thani, Thailand"
"Ubon Ratchathani, Thailand"
"Si Racha, Thailand"
"Samut Prakan, Thailand"
"Rayong, Thailand"
"Phra Pradaeng, Thailand"
"Phitsanulok, Thailand"
"Pak Kret, Thailand"
"Mueang Nonthaburi, Thailand"
"Nakhon Ratchasima, Thailand"
"Nakhon Pathom, Thailand"
"Bangkok, Thailand"
"Khon Kaen, Thailand"
"Khlong Luang, Thailand"
"Hat Yai, Thailand"
"Chon Buri, Thailand"
"Dushanbe, Tajikistan"
"KhÅ­jand, Tajikistan"
"Dili, Timor-Leste"
"Ashgabat, Turkmenistan"
"Dasoguz, Turkmenistan"
"Mary, Turkmenistan"
"TÃ¼rkmenabat, Turkmenistan"
"Tunis, Tunisia"
"Sousse, Tunisia"
"Sfax, Tunisia"
"GabÃ¨s, Tunisia"
"Midoun, Tunisia"
"Bizerte, Tunisia"
"Kairouan, Tunisia"
"Viransehir, Turkey"
"Van, Turkey"
"Usak, Turkey"
"SanlÄ±urfa, Turkey"
"Turgutlu, Turkey"
"Tarsus, Turkey"
"Siverek, Turkey"
"Sivas, Turkey"
"Siirt, Turkey"
"Osmaniye, Turkey"
"Nazilli, Turkey"
"Mercin, Turkey"
"Manisa, Turkey"
"Malatya, Turkey"
"KÃ¼tahya, Turkey"
"Konya, Turkey"
"KÄ±zÄ±ltepe, Turkey"
"KÄ±rÄ±kkale, Turkey"
"Kayseri, Turkey"
"Karaman, Turkey"
"Kahramanmaras, Turkey"
"Izmir, Turkey"
"Iskenderun, Turkey"
"Gaziantep, Turkey"
"Eskisehir, Turkey"
"Erzurum, Turkey"
"Erzincan, Turkey"
"ElazÄ±ÄŸ, Turkey"
"DiyarbakÄ±r, Turkey"
"Denizli, Turkey"
"Batman, Turkey"
"BalÄ±kesir, Turkey"
"AydÄ±n, Turkey"
"Antalya, Turkey"
"Antakya, Turkey"
"Ankara, Turkey"
"Alanya, Turkey"
"Aksaray, Turkey"
"Afyonkarahisar, Turkey"
"AdÄ±yaman, Turkey"
"Adana, Turkey"
"Batikent, Turkey"
"Zonguldak, Turkey"
"Zeytinburnu, Turkey"
"ÃœskÃ¼dar, Turkey"
"Umraniye, Turkey"
"Turhal, Turkey"
"Trabzon, Turkey"
"Tokat, Turkey"
"TekirdaÄŸ, Turkey"
"Åžisli, Turkey"
"Samsun, Turkey"
"Ordu, Turkey"
"Mustafakemalpasa, Turkey"
"Maltepe, Turkey"
"Izmit, Turkey"
"Istanbul, Turkey"
"Inegol, Turkey"
"Gebze, Turkey"
"Esenyurt, Turkey"
"Esenler, Turkey"
"Edirne, Turkey"
"Ã‡orum, Turkey"
"Ã‡orlu, Turkey"
"Bursa, Turkey"
"BandÄ±rma, Turkey"
"BaÄŸcÄ±lar, Turkey"
"AdapazarÄ±, Turkey"
"Atasehir, Turkey"
"Basaksehir, Turkey"
"BeylikdÃ¼zÃ¼, Turkey"
"BÃ¼yÃ¼kÃ§ekmece, Turkey"
"Ã‡ankaya, Turkey"
"BahÃ§elievler, Turkey"
"Sultangazi, Turkey"
"Sultanbeyli, Turkey"
"Sancaktepe, Turkey"
"KarabaÄŸlar, Turkey"
"Muratpasa, Turkey"
"Merkezefendi, Turkey"
"Laventille, Trinidad And Tobago"
"Douliu, Taiwan"
"Taipei, Taiwan"
"Tainan, Taiwan"
"Taichung, Taiwan"
"Banqiao, Taiwan"
"Nantou, Taiwan"
"Kaohsiung, Taiwan"
"Hualien City, Taiwan"
"Hsinchu, Taiwan"
"Keelung, Taiwan"
"Taoyuan City, Taiwan"
"Taitung City, Taiwan"
"Zanzibar, Tanzania"
"Tanga, Tanzania"
"Tabora, Tanzania"
"Shinyanga, Tanzania"
"Mwanza, Tanzania"
"Musoma, Tanzania"
"Moshi, Tanzania"
"Morogoro, Tanzania"
"Mbeya, Tanzania"
"Kigoma, Tanzania"
"Katumba, Tanzania"
"Iringa, Tanzania"
"Dodoma, Tanzania"
"Dar es Salaam, Tanzania"
"Arusha, Tanzania"
"Songea, Tanzania"
"Zhytomyr, Ukraine"
"Zaporizhia, Ukraine"
"Yevpatoriya, Ukraine"
"Yenakiyeve, Ukraine"
"Vinnytsya, Ukraine"
"Uzhhorod, Ukraine"
"Ternopilâ€™, Ukraine"
"Syevyerodonetsâ€™k, Ukraine"
"Sumy, Ukraine"
"Sloviansk, Ukraine"
"Simferopol, Ukraine"
"Sevastopol, Ukraine"
"Rivne, Ukraine"
"Poltava, Ukraine"
"Pavlohrad, Ukraine"
"Oleksandriya, Ukraine"
"Odessa, Ukraine"
"Nikopolâ€™, Ukraine"
"Mykolayiv, Ukraine"
"Melitopolâ€™, Ukraine"
"Mariupol, Ukraine"
"Makiyivka, Ukraine"
"Lviv, Ukraine"
"Lutsâ€™k, Ukraine"
"Luhansk, Ukraine"
"Lysychansâ€™k, Ukraine"
"Kiev, Ukraine"
"Kryvyi Rih, Ukraine"
"Kremenchuk, Ukraine"
"Kramatorsâ€™k, Ukraine"
"Kropyvnytskyi, Ukraine"
"Khmelâ€™nytsâ€™kyy, Ukraine"
"Kherson, Ukraine"
"Kharkiv, Ukraine"
"Kerch, Ukraine"
"Kamieniec Podolski, Ukraine"
"Ivano-Frankivsâ€™k, Ukraine"
"Horlivka, Ukraine"
"Donetsk, Ukraine"
"Dnipro, Ukraine"
"Dniprodzerzhynsâ€™k, Ukraine"
"Chernivtsi, Ukraine"
"Chernihiv, Ukraine"
"Cherkasy, Ukraine"
"Bila Tserkva, Ukraine"
"Berdyansâ€™k, Ukraine"
"Alchevsâ€™k, Ukraine"
"Lira, Uganda"
"Kampala, Uganda"
"Gulu, Uganda"
"Birmingham, United States"
"Huntsville, United States"
"Mobile, United States"
"Montgomery, United States"
"Little Rock, United States"
"Washington, D.C., United States"
"Brandon, United States"
"Cape Coral, United States"
"Clearwater, United States"
"Coral Springs, United States"
"Davie, United States"
"Fort Lauderdale, United States"
"Gainesville, United States"
"Hialeah, United States"
"Hollywood, United States"
"Jacksonville, United States"
"Lakeland, United States"
"Miami, United States"
"Miami Gardens, United States"
"Miramar, United States"
"Orlando, United States"
"Palm Bay, United States"
"Pembroke Pines, United States"
"Pompano Beach, United States"
"Port Saint Lucie, United States"
"St. Petersburg, United States"
"Tallahassee, United States"
"Tampa, United States"
"West Palm Beach, United States"
"Athens, United States"
"Atlanta, United States"
"Columbus, United States"
"Sandy Springs, United States"
"Savannah, United States"
"Springfield, United States"
"Evansville, United States"
"Indianapolis, United States"
"Olathe, United States"
"Overland Park, United States"
"Topeka, United States"
"Wichita, United States"
"Ironville, United States"
"Lexington, United States"
"Lexington-Fayette, United States"
"Louisville, United States"
"Meads, United States"
"Baton Rouge, United States"
"Lafayette, United States"
"Metairie, United States"
"Metairie Terrace, United States"
"New Orleans, United States"
"Shreveport, United States"
"Baltimore, United States"
"Columbia, United States"
"Independence, United States"
"Kansas City, United States"
"St. Louis, United States"
"Springfield, United States"
"Jackson, United States"
"Cary, United States"
"Charlotte, United States"
"Durham, United States"
"Fayetteville, United States"
"Greensboro, United States"
"High Point, United States"
"Raleigh, United States"
"West Raleigh, United States"
"Wilmington, United States"
"Winston-Salem, United States"
"Cincinnati, United States"
"Columbus, United States"
"Dayton, United States"
"Broken Arrow, United States"
"Norman, United States"
"Oklahoma City, United States"
"Tulsa, United States"
"Philadelphia, United States"
"Charleston, United States"
"Columbia, United States"
"North Charleston, United States"
"Chattanooga, United States"
"Clarksville, United States"
"Knoxville, United States"
"Memphis, United States"
"Murfreesboro, United States"
"Nashville, United States"
"New South Memphis, United States"
"Abilene, United States"
"Arlington, United States"
"Austin, United States"
"Beaumont, United States"
"Brownsville, United States"
"Carrollton, United States"
"College Station, United States"
"Corpus Christi, United States"
"Dallas, United States"
"Denton, United States"
"Fort Worth, United States"
"Frisco, United States"
"Garland, United States"
"Grand Prairie, United States"
"Houston, United States"
"Killeen, United States"
"Laredo, United States"
"Lewisville, United States"
"McAllen, United States"
"McKinney, United States"
"Mesquite, United States"
"Pasadena, United States"
"Pearland, United States"
"Plano, United States"
"Richardson, United States"
"Round Rock, United States"
"San Antonio, United States"
"Tyler, United States"
"Waco, United States"
"Wichita Falls, United States"
"Alexandria, United States"
"Arlington, United States"
"Chesapeake, United States"
"Hampton, United States"
"Newport News, United States"
"Norfolk, United States"
"Richmond, United States"
"Virginia Beach, United States"
"Hartford, United States"
"New Haven, United States"
"North Stamford, United States"
"Stamford, United States"
"Waterbury, United States"
"Cedar Rapids, United States"
"Davenport, United States"
"Des Moines, United States"
"Aurora, United States"
"Chicago, United States"
"Elgin, United States"
"Joliet, United States"
"Naperville, United States"
"North Peoria, United States"
"Peoria, United States"
"Rockford, United States"
"Fort Wayne, United States"
"South Bend, United States"
"Boston, United States"
"Cambridge, United States"
"Lowell, United States"
"South Boston, United States"
"Springfield, United States"
"Worcester, United States"
"Ann Arbor, United States"
"Detroit, United States"
"Grand Rapids, United States"
"Lansing, United States"
"Sterling Heights, United States"
"Warren, United States"
"Minneapolis, United States"
"Rochester, United States"
"Saint Paul, United States"
"Fargo, United States"
"Lincoln, United States"
"Omaha, United States"
"Manchester, United States"
"Edison, United States"
"Elizabeth, United States"
"Jersey City, United States"
"Newark, United States"
"Paterson, United States"
"Amherst, United States"
"Astoria, United States"
"Borough Park, United States"
"The Bronx, United States"
"Brooklyn, United States"
"Buffalo, United States"
"Bushwick, United States"
"Corona, United States"
"East Flatbush, United States"
"Elmhurst, United States"
"Gravesend, United States"
"Harlem, United States"
"Jamaica, United States"
"Manhattan, United States"
"New York City, United States"
"Queens, United States"
"Rochester, United States"
"Sheepshead Bay, United States"
"Staten Island, United States"
"Syracuse, United States"
"Washington Heights, United States"
"Yonkers, United States"
"Akron, United States"
"Cleveland, United States"
"Toledo, United States"
"Allentown, United States"
"Pittsburgh, United States"
"Providence, United States"
"Sioux Falls, United States"
"Green Bay, United States"
"Madison, United States"
"Milwaukee, United States"
"Bridgeport, United States"
"Chandler, United States"
"Gilbert, United States"
"Glendale, United States"
"Mesa, United States"
"Peoria, United States"
"Phoenix, United States"
"Scottsdale, United States"
"Surprise, United States"
"Tempe, United States"
"Tempe Junction, United States"
"Tucson, United States"
"Anaheim, United States"
"Antioch, United States"
"Bakersfield, United States"
"Berkeley, United States"
"Burbank, United States"
"Carlsbad, United States"
"Chula Vista, United States"
"Clovis, United States"
"Concord, United States"
"Corona, United States"
"Costa Mesa, United States"
"Daly City, United States"
"Downey, United States"
"El Cajon, United States"
"El Monte, United States"
"Elk Grove, United States"
"Escondido, United States"
"Fairfield, United States"
"Fontana, United States"
"Fremont, United States"
"Fresno, United States"
"Fullerton, United States"
"Garden Grove, United States"
"Glendale, United States"
"Hayward, United States"
"Hollywood, United States"
"Huntington Beach, United States"
"Inglewood, United States"
"Lancaster, United States"
"Long Beach, United States"
"Los Angeles, United States"
"Modesto, United States"
"Moreno Valley, United States"
"Murrieta, United States"
"North Glendale, United States"
"Norwalk, United States"
"Oakland, United States"
"Oceanside, United States"
"Ontario, United States"
"Orange, United States"
"Oxnard, United States"
"Oxnard Shores, United States"
"Palmdale, United States"
"Pasadena, United States"
"Pomona, United States"
"Rancho Cucamonga, United States"
"Rialto, United States"
"Richmond, United States"
"Riverside, United States"
"Roseville, United States"
"Sacramento, United States"
"Salinas, United States"
"San Bernardino, United States"
"San Diego, United States"
"San Francisco, United States"
"San Jose, United States"
"San Mateo, United States"
"Santa Ana, United States"
"Santa Clara, United States"
"Santa Clarita, United States"
"Santa Maria, United States"
"Santa Rosa, United States"
"Simi Valley, United States"
"Stockton, United States"
"Sunnyvale, United States"
"Temecula, United States"
"Thousand Oaks, United States"
"Torrance, United States"
"Universal City, United States"
"Valencia, United States"
"Vallejo, United States"
"Van Nuys, United States"
"Victorville, United States"
"Visalia, United States"
"Vista, United States"
"West Covina, United States"
"Arvada, United States"
"Aurora, United States"
"Centennial, United States"
"Colorado Springs, United States"
"Denver, United States"
"Lakewood, United States"
"Pueblo, United States"
"Thornton, United States"
"Westminster, United States"
"Albuquerque, United States"
"Las Cruces, United States"
"Enterprise, United States"
"Henderson, United States"
"Las Vegas, United States"
"North Las Vegas, United States"
"Paradise, United States"
"Reno, United States"
"Spring Valley, United States"
"Sunrise Manor, United States"
"Amarillo, United States"
"El Paso, United States"
"Lubbock, United States"
"Midland, United States"
"Odessa, United States"
"San Angelo, United States"
"Boulder, United States"
"Fort Collins, United States"
"Greeley, United States"
"Boise, United States"
"Billings, United States"
"Eugene, United States"
"Gresham, United States"
"Hillsboro, United States"
"Portland, United States"
"Salem, United States"
"Provo, United States"
"Salt Lake City, United States"
"West Jordan, United States"
"West Valley City, United States"
"Bellevue, United States"
"Everett, United States"
"Kent, United States"
"Renton, United States"
"Seattle, United States"
"Spokane, United States"
"Tacoma, United States"
"Vancouver, United States"
"Honolulu, United States"
"Anchorage, United States"
"Montevideo, Uruguay"
"Nukus, Uzbekistan"
"Tirmiz, Uzbekistan"
"Samarqand, Uzbekistan"
"Qarshi, Uzbekistan"
"Bukhara, Uzbekistan"
"Urganch, Uzbekistan"
"Tashkent, Uzbekistan"
"Qoâ€˜qon, Uzbekistan"
"Olmaliq, Uzbekistan"
"Navoiy, Uzbekistan"
"Namangan, Uzbekistan"
"Margâ€˜ilon, Uzbekistan"
"Jizzax, Uzbekistan"
"Fergana, Uzbekistan"
"Chirchiq, Uzbekistan"
"Angren, Uzbekistan"
"Andijon, Uzbekistan"
"Navoiy, Uzbekistan"
"Anaco, Venezuela"
"Alto Barinas, Venezuela"
"Valencia, Venezuela"
"Turmero, Venezuela"
"Santa Teresa, Venezuela"
"San CristÃ³bal, Venezuela"
"Punto Fijo, Venezuela"
"Puerto La Cruz, Venezuela"
"Puerto Cabello, Venezuela"
"Petare, Venezuela"
"Palo Negro, Venezuela"
"Ocumare del Tuy, Venezuela"
"Mucumpiz, Venezuela"
"MÃ©rida, Venezuela"
"Mariara, Venezuela"
"Maracay, Venezuela"
"Maracaibo, Venezuela"
"Los Teques, Venezuela"
"Guatire, Venezuela"
"Guarenas, Venezuela"
"Guanare, Venezuela"
"Guacara, Venezuela"
"El Tigre, Venezuela"
"El LimÃ³n, Venezuela"
"Ejido, Venezuela"
"CumanÃ¡, Venezuela"
"CÃºa, Venezuela"
"Coro, Venezuela"
"Ciudad Guayana, Venezuela"
"Ciudad BolÃ­var, Venezuela"
"Charallave, Venezuela"
"Catia La Mar, Venezuela"
"CarÃºpano, Venezuela"
"Caracas, Venezuela"
"Calabozo, Venezuela"
"Cagua, Venezuela"
"Cabimas, Venezuela"
"Baruta, Venezuela"
"Barquisimeto, Venezuela"
"Barinas, Venezuela"
"Barcelona, Venezuela"
"Acarigua, Venezuela"
"MaturÃ­n, Venezuela"
"YÃªn Vinh, Viet Nam"
"VÅ©ng TÃ u, Viet Nam"
"VÄ©nh Long, Viet Nam"
"Vinh, Viet Nam"
"Ho Chi Minh City, Viet Nam"
"Thanh HÃ³a, Viet Nam"
"ThÃ nh Phá»‘ ThÃ¡i NguyÃªn, Viet Nam"
"SÃ³c TrÄƒng, Viet Nam"
"Sa PÃ¡, Viet Nam"
"Ráº¡ch GiÃ¡, Viet Nam"
"Qui Nhon, Viet Nam"
"Pleiku, Viet Nam"
"Phan Thiáº¿t, Viet Nam"
"Nha Trang, Viet Nam"
"ThÃ nh Phá»‘ Nam Äá»‹nh, Viet Nam"
"Má»¹ Tho, Viet Nam"
"Long XuyÃªn, Viet Nam"
"La Gi, Viet Nam"
"Huáº¿, Viet Nam"
"ThÃ nh Phá»‘ Háº¡ Long, Viet Nam"
"ThÃ nh Phá»‘ HÃ²a BÃ¬nh, Viet Nam"
"Hanoi, Viet Nam"
"Haiphong, Viet Nam"
"ÄÆ°c Trá»ng, Viet Nam"
"Da Nang, Viet Nam"
"ÃÃ  Láº¡t, Viet Nam"
"Cáº§n ThÆ¡, Viet Nam"
"Cáº§n Giuá»™c, Viet Nam"
"Cam Ranh, Viet Nam"
"Cáº©m Pháº£ Mines, Viet Nam"
"CÃ  Mau, Viet Nam"
"BuÃ´n Ma Thuá»™t, Viet Nam"
"BiÃªn HÃ²a, Viet Nam"
"Báº£o Lá»™c, Viet Nam"
"ThÃ nh phá»‘ Báº¡c LiÃªu, Viet Nam"
"Prizren, "
"Pristina, "
"MitrovicÃ«, "
"Taâ€˜izz, Yemen"
"Sanaa, Yemen"
"Ibb, Yemen"
"DhamÄr, Yemen"
"Al MukallÄ, Yemen"
"Al á¸¨udaydah, Yemen"
"Aden, Yemen"
"Roodepoort, South Africa"
"Witbank, South Africa"
"Westonaria, South Africa"
"Welkom, South Africa"
"Vryheid, South Africa"
"Virginia, South Africa"
"Vereeniging, South Africa"
"Vanderbijlpark, South Africa"
"Uitenhage, South Africa"
"Tembisa, South Africa"
"Springs, South Africa"
"Soweto, South Africa"
"Rustenburg, South Africa"
"Richards Bay, South Africa"
"Randfontein, South Africa"
"Queenstown, South Africa"
"Pretoria, South Africa"
"Mokopane, South Africa"
"Potchefstroom, South Africa"
"Port Elizabeth, South Africa"
"Polokwane, South Africa"
"Pietermaritzburg, South Africa"
"Phalaborwa, South Africa"
"Orkney, South Africa"
"Nigel, South Africa"
"Newcastle, South Africa"
"Nelspruit, South Africa"
"Mpumalanga, South Africa"
"Middelburg, South Africa"
"Krugersdorp, South Africa"
"Kroonstad, South Africa"
"Klerksdorp, South Africa"
"Kimberley, South Africa"
"Johannesburg, South Africa"
"eMbalenhle, South Africa"
"East London, South Africa"
"Durban, South Africa"
"Carletonville, South Africa"
"Brits, South Africa"
"Brakpan, South Africa"
"Botshabelo, South Africa"
"Boksburg, South Africa"
"Bloemfontein, South Africa"
"Bhisho, South Africa"
"Bethal, South Africa"
"Benoni, South Africa"
"Midrand, South Africa"
"Centurion, South Africa"
"Worcester, South Africa"
"Paarl, South Africa"
"Cape Town, South Africa"
"Diepsloot, South Africa"
"Ndola, Zambia"
"Mufulira, Zambia"
"Lusaka, Zambia"
"Luanshya, Zambia"
"Livingstone, Zambia"
"Kitwe, Zambia"
"Kabwe, Zambia"
"Chingola, Zambia"
"Mutare, Zimbabwe"
"Harare, Zimbabwe"
"Gweru, Zimbabwe"
"Bulawayo, Zimbabwe"
"Epworth, Zimbabwe"
"Chitungwiza, Zimbabwe"
